[
{
    "model": "doctors.doctorspecialization",
    "pk": 30,
    "fields": {
        "doctor": 26,
        "specialized_category": "Cardiologist"
    }
},
{
    "model": "doctors.doctorspecialization",
    "pk": 31,
    "fields": {
        "doctor": 25,
        "specialized_category": "Medicine"
    }
},
{
    "model": "doctors.doctorspecialization",
    "pk": 32,
    "fields": {
        "doctor": 27,
        "specialized_category": "Neurologists"
    }
},
{
    "model": "doctors.qualification",
    "pk": 4,
    "fields": {
        "institution_name": "Dhaka medical college",
        "qualification_degree": "mbbs",
        "years_of_completion": "2014-02-12",
        "doctor": 25
    }
},
{
    "model": "doctors.qualification",
    "pk": 5,
    "fields": {
        "institution_name": "United Medical",
        "qualification_degree": "Mbbs",
        "years_of_completion": "2021-05-12",
        "doctor": 25
    }
},
{
    "model": "doctors.experience",
    "pk": 2,
    "fields": {
        "hospital_name": "Canada Medical College",
        "worked_from": "2019-12-02",
        "worked_to": "2020-07-31",
        "designation": "Medical Officer",
        "user": 25
    }
},
{
    "model": "doctors.experience",
    "pk": 3,
    "fields": {
        "hospital_name": "Dhaka Medical",
        "worked_from": "2016-11-01",
        "worked_to": "2019-10-28",
        "designation": "Senior Surgeon",
        "user": 27
    }
},
{
    "model": "doctors.experience",
    "pk": 4,
    "fields": {
        "hospital_name": "United Medical College",
        "worked_from": "2020-01-01",
        "worked_to": "2021-10-30",
        "designation": "Professor",
        "user": 25
    }
},
{
    "model": "doctors.patientappointment",
    "pk": 1,
    "fields": {
        "appoint_date": null,
        "appoint_time": "8.00 am-9.00 am",
        "appoint_day": "sunday",
        "doctor": 25,
        "patient": 1,
        "month": null,
        "date": null
    }
},
{
    "model": "doctors.patientappointment",
    "pk": 3,
    "fields": {
        "appoint_date": "",
        "appoint_time": "10.00 am-12.00 pm",
        "appoint_day": "Tuesday",
        "doctor": 25,
        "patient": 1,
        "month": null,
        "date": null
    }
},
{
    "model": "doctors.patientappointment",
    "pk": 4,
    "fields": {
        "appoint_date": "<QuerySet [datetime.date(2021",
        "appoint_time": "10.00 am-12.00 pm",
        "appoint_day": "Tuesday",
        "doctor": 25,
        "patient": 1,
        "month": null,
        "date": null
    }
},
{
    "model": "doctors.patientappointment",
    "pk": 5,
    "fields": {
        "appoint_date": "<QuerySet [datetime.date(2021",
        "appoint_time": "10.00 am-12.00 pm",
        "appoint_day": "Tuesday",
        "doctor": 25,
        "patient": 1,
        "month": null,
        "date": null
    }
},
{
    "model": "doctors.patientappointment",
    "pk": 6,
    "fields": {
        "appoint_date": "",
        "appoint_time": "02.00 pm-06.00 pm",
        "appoint_day": "Saturday",
        "doctor": 25,
        "patient": 1,
        "month": null,
        "date": null
    }
},
{
    "model": "doctors.appointmenttime",
    "pk": 11,
    "fields": {
        "day": "Tuesday",
        "time_from": "10.00 am",
        "time_to": "12.00 pm",
        "from_to": "10.00 am-12.00 pm",
        "appointment_date": "2021-11-16",
        "month": "November",
        "date": "16",
        "doctor": 25
    }
},
{
    "model": "doctors.appointmenttime",
    "pk": 12,
    "fields": {
        "day": "Saturday",
        "time_from": "02.00 pm",
        "time_to": "06.00 pm",
        "from_to": "02.00 pm-06.00 pm",
        "appointment_date": "2021-11-13",
        "month": "November",
        "date": "13",
        "doctor": 25
    }
},
{
    "model": "doctors.appointmenttime",
    "pk": 13,
    "fields": {
        "day": "Sunday",
        "time_from": "10.00 am",
        "time_to": "02.00 pm",
        "from_to": "10.00 am-02.00 pm",
        "appointment_date": "2021-11-14",
        "month": "November",
        "date": "14",
        "doctor": 25
    }
},
{
    "model": "doctors.appointmenttime",
    "pk": 14,
    "fields": {
        "day": "Monday",
        "time_from": "04.00 pm",
        "time_to": "06.00 pm",
        "from_to": "04.00 pm-06.00 pm",
        "appointment_date": "2021-11-15",
        "month": "November",
        "date": "15",
        "doctor": 27
    }
},
{
    "model": "patients.prescriptionstatus",
    "pk": 1,
    "fields": {
        "is_uploaded": true,
        "doctor": 25,
        "patient": 1
    }
},
{
    "model": "users.account",
    "fields": {
        "password": "pbkdf2_sha256$260000$RkqG3UzBcrVBWMh1JLuPhc$ea1RLwQvtowg3M64eaiAlMXWcFKoPyAFvQr5jQ85vEI=",
        "first_name": "Masum",
        "last_name": "Hasan",
        "username": "admin",
        "email": "m@gmail.com",
        "phone_number": "1236987444",
        "user_type": "admin",
        "date_joined": "2021-09-29T07:25:05.878Z",
        "last_login": "2021-11-19T11:44:18.654Z",
        "is_admin": true,
        "is_staff": true,
        "is_active": true,
        "is_superadmin": true
    }
},
{
    "model": "users.account",
    "fields": {
        "password": "pbkdf2_sha256$260000$p2qUsBzbQwb6iCRnYRN4er$J+zvTD3VKApxrPVRvtWB7Hc0QapXciQGWUThZ/oAxkk=",
        "first_name": "Robin",
        "last_name": "Hasan",
        "username": "r",
        "email": "r@gmail.com",
        "phone_number": "123456789654",
        "user_type": "doctor",
        "date_joined": "2021-10-08T10:12:28.488Z",
        "last_login": "2021-11-12T17:35:38.165Z",
        "is_admin": false,
        "is_staff": false,
        "is_active": true,
        "is_superadmin": false
    }
},
{
    "model": "users.account",
    "fields": {
        "password": "pbkdf2_sha256$260000$SFw7zRTDNxQzflUa3nCCHW$GzGPiJWSfg8p6ezQtonvp9DNQ8Hfl/UJGyd/AW5XqB0=",
        "first_name": "Hasan",
        "last_name": "masum",
        "username": "h",
        "email": "h@gmail.com",
        "phone_number": "45632147898",
        "user_type": "patient",
        "date_joined": "2021-10-08T10:13:46.277Z",
        "last_login": "2021-11-19T15:08:19.711Z",
        "is_admin": false,
        "is_staff": false,
        "is_active": true,
        "is_superadmin": false
    }
},
{
    "model": "users.account",
    "fields": {
        "password": "pbkdf2_sha256$260000$DLXZVuz1lTj6qkKx2F2pdd$0AM6oUTNEdCTvGWqMmS3ihdufM4Cm2U8E3XLorQaaRg=",
        "first_name": "Mahbub",
        "last_name": "Joy",
        "username": "j",
        "email": "j@gmail.com",
        "phone_number": "12365654789",
        "user_type": "patient",
        "date_joined": "2021-10-08T11:01:59.889Z",
        "last_login": "2021-10-17T16:12:22.447Z",
        "is_admin": false,
        "is_staff": false,
        "is_active": true,
        "is_superadmin": false
    }
},
{
    "model": "users.account",
    "fields": {
        "password": "pbkdf2_sha256$260000$0ZQvzcU62lMPwkRHjR3gpd$DwZdpaDEqn8Dkib9V5SUNmgoi4n6pgofI3A2KknLaCY=",
        "first_name": "Sadman",
        "last_name": "Saquib",
        "username": "s",
        "email": "s@gmail.com",
        "phone_number": "84524522455245",
        "user_type": "doctor",
        "date_joined": "2021-10-10T18:50:06.346Z",
        "last_login": "2021-11-19T15:24:12.632Z",
        "is_admin": false,
        "is_staff": false,
        "is_active": true,
        "is_superadmin": false
    }
},
{
    "model": "users.account",
    "fields": {
        "password": "pbkdf2_sha256$260000$xRt6c3uQilMuUG7NdjHP69$6zvAFPB+dYlSPS29WsFTlGCSjrxR9ol/QhRE5EVgVVU=",
        "first_name": "John",
        "last_name": "Denver",
        "username": "john",
        "email": "john@gmail.com",
        "phone_number": "646546465454",
        "user_type": "patient",
        "date_joined": "2021-10-20T10:18:57.642Z",
        "last_login": "2021-11-18T14:59:02.595Z",
        "is_admin": false,
        "is_staff": false,
        "is_active": true,
        "is_superadmin": false
    }
},
{
    "model": "pharmacy.category",
    "pk": 1,
    "fields": {
        "drug_category": "Cardiovascular Drugs"
    }
},
{
    "model": "pharmacy.category",
    "pk": 2,
    "fields": {
        "drug_category": "Cardiovascular Drugs"
    }
},
{
    "model": "pharmacy.category",
    "pk": 3,
    "fields": {
        "drug_category": "Cardiovascular Drugs"
    }
},
{
    "model": "pharmacy.category",
    "pk": 4,
    "fields": {
        "drug_category": "Respiratory Drugs"
    }
},
{
    "model": "pharmacy.drug",
    "pk": 1,
    "fields": {
        "drug_name": "Lisinopril (Prinivil, Zestril)",
        "drug_image": "drugs/2021/11/04/drug_default_hMiqoxn.jpg",
        "category": 1,
        "condition": "Renin되ngiotensin되ldosterone System (RAAS)",
        "generic": null,
        "brand": null
    }
},
{
    "model": "pharmacy.drug",
    "pk": 3,
    "fields": {
        "drug_name": "Enalapril (Vasotec)",
        "drug_image": "drugs/2021/11/04/drug_default_24tV6zD.jpg",
        "category": 1,
        "condition": "Renin되ngiotensin되ldosterone System (RAAS)",
        "generic": null,
        "brand": null
    }
},
{
    "model": "pharmacy.drug",
    "pk": 4,
    "fields": {
        "drug_name": "Atenolol (Tenormin)",
        "drug_image": "drugs/2021/11/04/drug_default_kQsSZtg.jpg",
        "category": 1,
        "condition": "Beta Blockers",
        "generic": null,
        "brand": null
    }
},
{
    "model": "pharmacy.drug",
    "pk": 5,
    "fields": {
        "drug_name": "Fluticasone (Flovent)",
        "drug_image": "drugs/2021/11/04/drug_default_tETaZ3T.jpg",
        "category": 4,
        "condition": "Inhaled Corticosteroids and Long-Acting Beta",
        "generic": null,
        "brand": null
    }
},
{
    "model": "documents.medicalhistory",
    "pk": 35,
    "fields": {
        "first_name": "Hasan",
        "last_name": "masum",
        "reason": "ab",
        "ever_had": "",
        "weight": "43",
        "age": "22",
        "gender": null,
        "blood_group": "B+",
        "previous_operation": "gghhdsf",
        "current_medication": "sdfv",
        "other_illness": "yuik",
        "other_information": "tteeeeee",
        "is_processing": true,
        "is_active": true,
        "date_created": "2021-10-17T22:28:29.080Z",
        "patient": 1,
        "doctor": 25
    }
},
{
    "model": "documents.medicalhistory",
    "pk": 36,
    "fields": {
        "first_name": "John",
        "last_name": "Denver",
        "reason": "ab",
        "ever_had": "",
        "weight": "43",
        "age": "22",
        "gender": "male",
        "blood_group": "B-",
        "previous_operation": "gghhdsf",
        "current_medication": "erer",
        "other_illness": "xcvxc",
        "other_information": "None",
        "is_processing": true,
        "is_active": true,
        "date_created": "2021-10-20T16:24:40Z",
        "patient": 3,
        "doctor": 25
    }
},
{
    "model": "documents.medicalhistory",
    "pk": 39,
    "fields": {
        "first_name": null,
        "last_name": null,
        "reason": "",
        "ever_had": "",
        "weight": null,
        "age": null,
        "gender": null,
        "blood_group": null,
        "previous_operation": "",
        "current_medication": "",
        "other_illness": "",
        "other_information": "",
        "is_processing": false,
        "is_active": false,
        "date_created": "2021-11-11T21:10:15.661Z",
        "patient": 1,
        "doctor": 26
    }
},
{
    "model": "documents.prescription",
    "pk": 6,
    "fields": {
        "name": "rrr",
        "quantity": "34",
        "days": "23",
        "morning": "morning",
        "afternoon": "none",
        "evening": "none",
        "night": "night",
        "doctor": 25,
        "patient": 1,
        "uploaded_date": "2021-11-16T20:06:54.150Z"
    }
},
{
    "model": "documents.prescription",
    "pk": 7,
    "fields": {
        "name": "bahdb",
        "quantity": "3mg",
        "days": "7",
        "morning": "morning",
        "afternoon": "afternoon",
        "evening": "none",
        "night": "night",
        "doctor": 25,
        "patient": 1,
        "uploaded_date": "2021-11-16T20:07:17.212Z"
    }
},
{
    "model": "documents.review",
    "pk": 1,
    "fields": {
        "title": "Good Experience",
        "review": "Very good doctor and experienced",
        "doctor": 25,
        "patient": 1,
        "date_created": "2021-11-19T21:18:53.934Z"
    }
},
{
    "model": "sessions.session",
    "pk": "06zis9z4z5026kmlgth5kdt2bhes1r2d",
    "fields": {
        "session_data": ".eJxVjDsOwjAQBe_iGllr_Isp6XMGa71e4wBypDipEHeHSCmgfTPzXiLitta4dV7ilMVFKHH63RLSg9sO8h3bbZY0t3WZktwVedAuxznz83q4fwcVe_3WzkCwpQB4TIkGCGwdgLZ4dgm0GZRVxmtFGLQnjQqyw4CsiBm4FBbvD79WN7Y:1mVpH1:HP3rsxUBeXBUAE5a0ER8dH2N4hmYDw5kRdIUHaSN3yA",
        "expire_date": "2021-10-14T06:10:27.927Z"
    }
},
{
    "model": "sessions.session",
    "pk": "2qup22znwkyezl4ozzvgufbizbhi1rjo",
    "fields": {
        "session_data": ".eJxVjMsOwiAURP-FtSHUFgSX7vsN5D64UjWQlHZl_HfbpAtNZjXnzLxVhHXJcW1pjhOrq3Lq9Nsh0DOVHfADyr1qqmWZJ9S7og_a9Fg5vW6H-3eQoeVtbdhZCF4E0ZtEl4QBhIPpZHCdMx773lISdmj82Q3iwRJt6TEQBCvq8wULYjkE:1mlads:DpgX_BA-qnWDbnAn7NIPuR-Q4p7xg83-Bj0S0xyAn2U",
        "expire_date": "2021-11-26T17:47:12.967Z"
    }
},
{
    "model": "sessions.session",
    "pk": "2yxh4q34kzk7f0n5vhw1uksa96nojyic",
    "fields": {
        "session_data": ".eJxVjDsOwjAQBe_iGllr_Isp6XMGa71e4wBypDipEHeHSCmgfTPzXiLitta4dV7ilMVFKHH63RLSg9sO8h3bbZY0t3WZktwVedAuxznz83q4fwcVe_3WzkCwpQB4TIkGCGwdgLZ4dgm0GZRVxmtFGLQnjQqyw4CsiBm4FBbvD79WN7Y:1mhXak:csqRhFFiOHeDSNS7LdmFkD3la9fBJOkxqkxgeTwk2Rg",
        "expire_date": "2021-11-15T13:43:14.011Z"
    }
},
{
    "model": "sessions.session",
    "pk": "3dry9q2eey6zegymftb5rudwyu8qednd",
    "fields": {
        "session_data": ".eJxVjDsOwjAQBe_iGllr_Isp6XMGa71e4wBypDipEHeHSCmgfTPzXiLitta4dV7ilMVFKHH63RLSg9sO8h3bbZY0t3WZktwVedAuxznz83q4fwcVe_3WzkCwpQB4TIkGCGwdgLZ4dgm0GZRVxmtFGLQnjQqyw4CsiBm4FBbvD79WN7Y:1mnOdi:_4wpz1yYIDIMFcff9XqxsFLbLJykqss46nm6WrH0iLg",
        "expire_date": "2021-12-01T17:22:30.644Z"
    }
},
{
    "model": "sessions.session",
    "pk": "3ej3bliuhp50mvyi60jevk7tx8vbii5o",
    "fields": {
        "session_data": ".eJxVjDsOwjAQBe_iGllr_Isp6XMGa71e4wBypDipEHeHSCmgfTPzXiLitta4dV7ilMVFKHH63RLSg9sO8h3bbZY0t3WZktwVedAuxznz83q4fwcVe_3WzkCwpQB4TIkGCGwdgLZ4dgm0GZRVxmtFGLQnjQqyw4CsiBm4FBbvD79WN7Y:1mlOtO:EF9_jHA4MO4E6FXKBTYDHo-EgRprwgkdxGRwdeAZySE",
        "expire_date": "2021-11-26T05:14:26.333Z"
    }
},
{
    "model": "sessions.session",
    "pk": "4s25ai39qoacgkqjlez8oa5u0av82tdj",
    "fields": {
        "session_data": ".eJxVjDsOwjAQBe_iGllr_Isp6XMGa71e4wBypDipEHeHSCmgfTPzXiLitta4dV7ilMVFKHH63RLSg9sO8h3bbZY0t3WZktwVedAuxznz83q4fwcVe_3WzkCwpQB4TIkGCGwdgLZ4dgm0GZRVxmtFGLQnjQqyw4CsiBm4FBbvD79WN7Y:1mc8d7:VkB24sEu_9NsGYHV-qWVxjNjURrLMWEcPWVGag8eZnw",
        "expire_date": "2021-10-31T16:03:21.977Z"
    }
},
{
    "model": "sessions.session",
    "pk": "7r4g26whg3lnezlnxv03d5eh5q674uoo",
    "fields": {
        "session_data": ".eJxVjDsOwjAQBe_iGllr_Isp6XMGa71e4wBypDipEHeHSCmgfTPzXiLitta4dV7ilMVFKHH63RLSg9sO8h3bbZY0t3WZktwVedAuxznz83q4fwcVe_3WzkCwpQB4TIkGCGwdgLZ4dgm0GZRVxmtFGLQnjQqyw4CsiBm4FBbvD79WN7Y:1mVTyL:WmrI_36OUEgAf6cWOvg4P1YkoKaIzTCPjRDHXjlIu0Y",
        "expire_date": "2021-10-13T07:25:45.288Z"
    }
},
{
    "model": "sessions.session",
    "pk": "7t86l1ygd2uqcwevh74rs1h4dybkpgi5",
    "fields": {
        "session_data": "e30:1mVpcn:PYyWRGfxraFj0r7-xQRla--Xp9oUTnZr4H5QbnelTLk",
        "expire_date": "2021-10-14T06:32:57.531Z"
    }
},
{
    "model": "sessions.session",
    "pk": "86o4zl3o416y7m9vlwnfljnr1t6891s3",
    "fields": {
        "session_data": ".eJxVjMsOwiAURP-FtSHUFgSX7vsN5D64UjWQlHZl_HfbpAtNZjXnzLxVhHXJcW1pjhOrq3Lq9Nsh0DOVHfADyr1qqmWZJ9S7og_a9Fg5vW6H-3eQoeVtbdhZCF4E0ZtEl4QBhIPpZHCdMx773lISdmj82Q3iwRJt6TEQBCvq8wULYjkE:1mbmlj:bFKjCBqqpI1YLhx6VRWPc0oKxBC4iDjzZndcuclbPEM",
        "expire_date": "2021-10-30T16:42:47.507Z"
    }
},
{
    "model": "sessions.session",
    "pk": "8rhs9ui38ybbums5d1xsqui7ds92l3co",
    "fields": {
        "session_data": ".eJxVjDsOwjAQBe_iGllr_Isp6XMGa71e4wBypDipEHeHSCmgfTPzXiLitta4dV7ilMVFKHH63RLSg9sO8h3bbZY0t3WZktwVedAuxznz83q4fwcVe_3WzkCwpQB4TIkGCGwdgLZ4dgm0GZRVxmtFGLQnjQqyw4CsiBm4FBbvD79WN7Y:1mjz1B:DEyAzBQlKAmSz80xlxhPSY5MMx6DT_YJaPR8N5FF9r4",
        "expire_date": "2021-11-22T07:24:37.914Z"
    }
},
{
    "model": "sessions.session",
    "pk": "8s6uxfbslqdclr4ky7xnaftmqpgae40n",
    "fields": {
        "session_data": ".eJxVjDsOwjAQBe_iGllr_Isp6XMGa71e4wBypDipEHeHSCmgfTPzXiLitta4dV7ilMVFKHH63RLSg9sO8h3bbZY0t3WZktwVedAuxznz83q4fwcVe_3WzkCwpQB4TIkGCGwdgLZ4dgm0GZRVxmtFGLQnjQqyw4CsiBm4FBbvD79WN7Y:1mniWJ:2adeZtxPF2cHf0-ai5GP-jiRh03lYpMW-PfX10lwLK8",
        "expire_date": "2021-12-02T14:36:11.037Z"
    }
},
{
    "model": "sessions.session",
    "pk": "9h0ubx08jrrmo1jsgwwabx57anz997v2",
    "fields": {
        "session_data": ".eJxVjDsOwjAQBe_iGllr_Isp6XMGa71e4wBypDipEHeHSCmgfTPzXiLitta4dV7ilMVFKHH63RLSg9sO8h3bbZY0t3WZktwVedAuxznz83q4fwcVe_3WzkCwpQB4TIkGCGwdgLZ4dgm0GZRVxmtFGLQnjQqyw4CsiBm4FBbvD79WN7Y:1mbGF4:wQqk06o14OQAE3_r0UJXdIkbeC0kQbJ8sHowMGqTsMo",
        "expire_date": "2021-10-29T05:58:54.751Z"
    }
},
{
    "model": "sessions.session",
    "pk": "a4hb82bklgizxlpvkiswz328ni11ifgr",
    "fields": {
        "session_data": ".eJxVjDsOwjAQBe_iGllr_Isp6XMGa71e4wBypDipEHeHSCmgfTPzXiLitta4dV7ilMVFKHH63RLSg9sO8h3bbZY0t3WZktwVedAuxznz83q4fwcVe_3WzkCwpQB4TIkGCGwdgLZ4dgm0GZRVxmtFGLQnjQqyw4CsiBm4FBbvD79WN7Y:1miYYU:xU4r5xwG1wEq4UAK3SmdKOFjyMbNE_PGNJmzi2nPltk",
        "expire_date": "2021-11-18T08:57:06.217Z"
    }
},
{
    "model": "sessions.session",
    "pk": "aqukhd0cc1uvi2ttoqkz6d1vx3gkjgmb",
    "fields": {
        "session_data": ".eJxVjDsOwjAQBe_iGllr_Isp6XMGa71e4wBypDipEHeHSCmgfTPzXiLitta4dV7ilMVFKHH63RLSg9sO8h3bbZY0t3WZktwVedAuxznz83q4fwcVe_3WzkCwpQB4TIkGCGwdgLZ4dgm0GZRVxmtFGLQnjQqyw4CsiBm4FBbvD79WN7Y:1mkrkt:on3SjKApwTaWtI1MD_PLyplvxsc58LBoDYSQaNpIedY",
        "expire_date": "2021-11-24T17:51:27.874Z"
    }
},
{
    "model": "sessions.session",
    "pk": "b81nx96wcfk1d7rkcgpdeds8hjo5w53r",
    "fields": {
        "session_data": ".eJxVjDsOwjAQBe_iGllr_Isp6XMGa71e4wBypDipEHeHSCmgfTPzXiLitta4dV7ilMVFKHH63RLSg9sO8h3bbZY0t3WZktwVedAuxznz83q4fwcVe_3WzkCwpQB4TIkGCGwdgLZ4dgm0GZRVxmtFGLQnjQqyw4CsiBm4FBbvD79WN7Y:1mo2JX:odkMdHzccQf01KSNibQuxUcI-etuyNHfNFJQXuI87Zg",
        "expire_date": "2021-12-03T11:44:19.059Z"
    }
},
{
    "model": "sessions.session",
    "pk": "bfnem90errl8vhp5s6ama5om67yeckh7",
    "fields": {
        "session_data": ".eJxVjDsOwjAQBe_iGllr_Isp6XMGa71e4wBypDipEHeHSCmgfTPzXiLitta4dV7ilMVFKHH63RLSg9sO8h3bbZY0t3WZktwVedAuxznz83q4fwcVe_3WzkCwpQB4TIkGCGwdgLZ4dgm0GZRVxmtFGLQnjQqyw4CsiBm4FBbvD79WN7Y:1mYvKJ:R8yKlSdx0Qtb9hsUJPgLk7E9NVWlG3s_Dlrw-a5Z3oE",
        "expire_date": "2021-10-22T19:14:39.381Z"
    }
},
{
    "model": "sessions.session",
    "pk": "c1dcicfguoiccxcjp4d0xqrt1lyhcq17",
    "fields": {
        "session_data": ".eJxVjDsOwjAQBe_iGllr_Isp6XMGa71e4wBypDipEHeHSCmgfTPzXiLitta4dV7ilMVFKHH63RLSg9sO8h3bbZY0t3WZktwVedAuxznz83q4fwcVe_3WzkCwpQB4TIkGCGwdgLZ4dgm0GZRVxmtFGLQnjQqyw4CsiBm4FBbvD79WN7Y:1mYjn2:xvKYgkTBsY3U0HxKVhrpNfXkHzuxbmILHbC24iSyc0k",
        "expire_date": "2021-10-22T06:55:32.437Z"
    }
},
{
    "model": "sessions.session",
    "pk": "c1l56lyf6zyyo3pgcf1u5ym8fm65wjxl",
    "fields": {
        "session_data": ".eJxVjDsOwjAQBe_iGllr_Isp6XMGa71e4wBypDipEHeHSCmgfTPzXiLitta4dV7ilMVFKHH63RLSg9sO8h3bbZY0t3WZktwVedAuxznz83q4fwcVe_3WzkCwpQB4TIkGCGwdgLZ4dgm0GZRVxmtFGLQnjQqyw4CsiBm4FBbvD79WN7Y:1mb5ds:F2fnkL8qkPZD5RK7Y4dYjhW5SAUF7JXWOw6QFq8vuTY",
        "expire_date": "2021-10-28T18:39:48.098Z"
    }
},
{
    "model": "sessions.session",
    "pk": "de4klmfszst6hgoc4ffrkn08jk1h3nyn",
    "fields": {
        "session_data": "e30:1mVpbi:nE1hzmjsJQ4_TxMVeVK6mEMplocqy6g4vZRls6uTZiA",
        "expire_date": "2021-10-14T06:31:50.511Z"
    }
},
{
    "model": "sessions.session",
    "pk": "fatnzyo0wi9a4czjm3v9twtkzrmtcxco",
    "fields": {
        "session_data": ".eJxVjDsOwjAQBe_iGllr_Isp6XMGa71e4wBypDipEHeHSCmgfTPzXiLitta4dV7ilMVFKHH63RLSg9sO8h3bbZY0t3WZktwVedAuxznz83q4fwcVe_3WzkCwpQB4TIkGCGwdgLZ4dgm0GZRVxmtFGLQnjQqyw4CsiBm4FBbvD79WN7Y:1mmyXu:8QCkTbbMf_ZHun0deqHKhjoNaqzekcTnvuKP3QerQhQ",
        "expire_date": "2021-11-30T13:30:46.034Z"
    }
},
{
    "model": "sessions.session",
    "pk": "g1wzjzvf5qaksx0j2s18a3m2qxxzxuc8",
    "fields": {
        "session_data": ".eJxVjDsOwjAQBe_iGllr_Isp6XMGa71e4wBypDipEHeHSCmgfTPzXiLitta4dV7ilMVFKHH63RLSg9sO8h3bbZY0t3WZktwVedAuxznz83q4fwcVe_3WzkCwpQB4TIkGCGwdgLZ4dgm0GZRVxmtFGLQnjQqyw4CsiBm4FBbvD79WN7Y:1mlBWb:rGM8LIIShePHlViULNbQid1xeetKOwmvEqeknOVqcZE",
        "expire_date": "2021-11-25T14:58:01.951Z"
    }
},
{
    "model": "sessions.session",
    "pk": "h6ypxq1l59ymbgix4ansc0yxnflfyhw3",
    "fields": {
        "session_data": "e30:1mVpZr:-vOQcRCOSUsB2x_Fd2iPc9xs6AN2EDAKkDue025gtwg",
        "expire_date": "2021-10-14T06:29:55.297Z"
    }
},
{
    "model": "sessions.session",
    "pk": "hj3og4kzxbntmsl6m1l8buoazys2k98a",
    "fields": {
        "session_data": ".eJxVjMsOwiAQRf-FtSE8Biwu3fcbyAyMUjU0Ke3K-O_SpAvdnnPufYuI21ri1niJUxYXoUGcfiFhenLdTX5gvc8yzXVdJpJ7Ig_b5Dhnfl2P9u-gYCt97YC18hBMMMQDJefAsCfr6JZttjh0xjopxF4msudAygBZAmO8Ri8-XwbeOBs:1mo5kK:mf34ltTo237BcYD5jUdIOyGTZh8rIFnfZjbXcxtPMjE",
        "expire_date": "2021-12-03T15:24:12.644Z"
    }
},
{
    "model": "sessions.session",
    "pk": "hofruz9wwzjhi2u940d0zkrsgfzggbam",
    "fields": {
        "session_data": ".eJxVjDsOwjAQBe_iGllr_Isp6XMGa71e4wBypDipEHeHSCmgfTPzXiLitta4dV7ilMVFKHH63RLSg9sO8h3bbZY0t3WZktwVedAuxznz83q4fwcVe_3WzkCwpQB4TIkGCGwdgLZ4dgm0GZRVxmtFGLQnjQqyw4CsiBm4FBbvD79WN7Y:1mcuNu:4tg0h_HOlEqNoE1AEbiqS5K-hkWRgPcXkltQWinZ1dI",
        "expire_date": "2021-11-02T19:02:50.244Z"
    }
},
{
    "model": "sessions.session",
    "pk": "lw88bedwos9po535r1fxjx171oqpyfk9",
    "fields": {
        "session_data": ".eJxVjDsOwjAQBe_iGllr_Isp6XMGa71e4wBypDipEHeHSCmgfTPzXiLitta4dV7ilMVFKHH63RLSg9sO8h3bbZY0t3WZktwVedAuxznz83q4fwcVe_3WzkCwpQB4TIkGCGwdgLZ4dgm0GZRVxmtFGLQnjQqyw4CsiBm4FBbvD79WN7Y:1miFN5:w_Sd7yiBLGhiKQwnC_DHZOAQ86SK0DO3wFSrI3Wb5iI",
        "expire_date": "2021-11-17T12:28:03.543Z"
    }
},
{
    "model": "sessions.session",
    "pk": "lz5oggzqexw0j2wrgen4iou49b5wprmu",
    "fields": {
        "session_data": ".eJxVjDsOwjAQBe_iGllr_Isp6XMGa71e4wBypDipEHeHSCmgfTPzXiLitta4dV7ilMVFKHH63RLSg9sO8h3bbZY0t3WZktwVedAuxznz83q4fwcVe_3WzkCwpQB4TIkGCGwdgLZ4dgm0GZRVxmtFGLQnjQqyw4CsiBm4FBbvD79WN7Y:1mZvBN:j501S6s3HF_UXP45ALPzu6EMzVo9w6dzYc3tlLBopFA",
        "expire_date": "2021-10-25T13:17:33.026Z"
    }
},
{
    "model": "sessions.session",
    "pk": "mplchfduup0kq7dv65d9fdkgwmaw29po",
    "fields": {
        "session_data": ".eJxVjDsOwjAQBe_iGllr_Isp6XMGa71e4wBypDipEHeHSCmgfTPzXiLitta4dV7ilMVFKHH63RLSg9sO8h3bbZY0t3WZktwVedAuxznz83q4fwcVe_3WzkCwpQB4TIkGCGwdgLZ4dgm0GZRVxmtFGLQnjQqyw4CsiBm4FBbvD79WN7Y:1mgqXO:BPmKbjyjo-e5aI0RMkNP69FJH3E-amVilmu9tp5XTb8",
        "expire_date": "2021-11-13T15:44:54.033Z"
    }
},
{
    "model": "sessions.session",
    "pk": "nty0gxx7baz8xf2fvpr73nx7u8pwhwp7",
    "fields": {
        "session_data": ".eJxVjMsOwiAQRf-FtSE8Biwu3fcbyAyMUjU0Ke3K-O_SpAvdnnPufYuI21ri1niJUxYXoUGcfiFhenLdTX5gvc8yzXVdJpJ7Ig_b5Dhnfl2P9u-gYCt97YC18hBMMMQDJefAsCfr6JZttjh0xjopxF4msudAygBZAmO8Ri8-XwbeOBs:1mjz28:XZ_B3-052SmukIOS79xwQ_l_XZv6RePXigSPw_x57yY",
        "expire_date": "2021-11-22T07:25:36.068Z"
    }
},
{
    "model": "sessions.session",
    "pk": "o86jzpab6pnwrrctnbx273bklki2we9r",
    "fields": {
        "session_data": ".eJxVjDsOwjAQBe_iGllr_Isp6XMGa71e4wBypDipEHeHSCmgfTPzXiLitta4dV7ilMVFKHH63RLSg9sO8h3bbZY0t3WZktwVedAuxznz83q4fwcVe_3WzkCwpQB4TIkGCGwdgLZ4dgm0GZRVxmtFGLQnjQqyw4CsiBm4FBbvD79WN7Y:1mbbMC:pCiQU0FPXrOeKL7uAGSjaQg8ZkYlPWi8voNkCIQ2_zg",
        "expire_date": "2021-10-30T04:31:40.097Z"
    }
},
{
    "model": "sessions.session",
    "pk": "p83jy9rgcolle4302620wxib56ixafes",
    "fields": {
        "session_data": "e30:1mVpb8:sycJQUe1LHHOl1HQftfC44De6Rhak8ClIhmFhCmS8eM",
        "expire_date": "2021-10-14T06:31:14.263Z"
    }
},
{
    "model": "sessions.session",
    "pk": "pbxgvli6rmed5e71eo41km3f08c8mc8f",
    "fields": {
        "session_data": ".eJxVjDsOwjAQBe_iGllr_Isp6XMGa71e4wBypDipEHeHSCmgfTPzXiLitta4dV7ilMVFKHH63RLSg9sO8h3bbZY0t3WZktwVedAuxznz83q4fwcVe_3WzkCwpQB4TIkGCGwdgLZ4dgm0GZRVxmtFGLQnjQqyw4CsiBm4FBbvD79WN7Y:1mh39r:k5XQtQTbkomHlkKedmfGGexF0XqLAd9hDyaPwxYZBcs",
        "expire_date": "2021-11-14T05:13:27.881Z"
    }
},
{
    "model": "sessions.session",
    "pk": "roqx4z1cqc2zq2hqxomo9wqaxmv1ctnl",
    "fields": {
        "session_data": ".eJxVjDsOwjAQBe_iGllr_Isp6XMGa71e4wBypDipEHeHSCmgfTPzXiLitta4dV7ilMVFKHH63RLSg9sO8h3bbZY0t3WZktwVedAuxznz83q4fwcVe_3WzkCwpQB4TIkGCGwdgLZ4dgm0GZRVxmtFGLQnjQqyw4CsiBm4FBbvD79WN7Y:1mZD4e:qBkZKvfRZZsZEQ76k9OjAGpb55UlJ1wDZhF7JxypLy0",
        "expire_date": "2021-10-23T14:11:40.833Z"
    }
},
{
    "model": "sessions.session",
    "pk": "rp50673qwg3hf9n41wjhf27bl1zzl0qd",
    "fields": {
        "session_data": ".eJxVjMsOwiAQRf-FtSE8Biwu3fcbyAyMUjU0Ke3K-O_SpAvdnnPufYuI21ri1niJUxYXoUGcfiFhenLdTX5gvc8yzXVdJpJ7Ig_b5Dhnfl2P9u-gYCt97YC18hBMMMQDJefAsCfr6JZttjh0xjopxF4msudAygBZAmO8Ri8-XwbeOBs:1mZdtz:OrhdN_9a1Om_4w8GyxAY2hDgv99IOptV_Pmcbjss8nE",
        "expire_date": "2021-10-24T18:50:27.158Z"
    }
},
{
    "model": "sessions.session",
    "pk": "s2laslmk8w56385bdd7lmneog25d4rnk",
    "fields": {
        "session_data": ".eJxVjDsOwjAQBe_iGllr_Isp6XMGa71e4wBypDipEHeHSCmgfTPzXiLitta4dV7ilMVFKHH63RLSg9sO8h3bbZY0t3WZktwVedAuxznz83q4fwcVe_3WzkCwpQB4TIkGCGwdgLZ4dgm0GZRVxmtFGLQnjQqyw4CsiBm4FBbvD79WN7Y:1mZR8T:uPK5p-wm3d7Cb1jzYxCcBrUhjJtaqJc_85MkZOGNflU",
        "expire_date": "2021-10-24T05:12:33.576Z"
    }
},
{
    "model": "sessions.session",
    "pk": "uct99t12ok2k4g97sqfnhi3z8k56u635",
    "fields": {
        "session_data": ".eJxVjDsOwjAQBe_iGllr_Isp6XMGa71e4wBypDipEHeHSCmgfTPzXiLitta4dV7ilMVFKHH63RLSg9sO8h3bbZY0t3WZktwVedAuxznz83q4fwcVe_3WzkCwpQB4TIkGCGwdgLZ4dgm0GZRVxmtFGLQnjQqyw4CsiBm4FBbvD79WN7Y:1md8dM:OXw73qZkqIn-iR0srrnnVM46hY1qvlpvv0GD9wLeHYY",
        "expire_date": "2021-11-03T10:15:44.366Z"
    }
},
{
    "model": "sessions.session",
    "pk": "wbhaycofs3g1lza05ko836canmhbbefv",
    "fields": {
        "session_data": ".eJxVjDsOwjAQBe_iGllr_Isp6XMGa71e4wBypDipEHeHSCmgfTPzXiLitta4dV7ilMVFKHH63RLSg9sO8h3bbZY0t3WZktwVedAuxznz83q4fwcVe_3WzkCwpQB4TIkGCGwdgLZ4dgm0GZRVxmtFGLQnjQqyw4CsiBm4FBbvD79WN7Y:1mWHRQ:36Z73oiujqlqqZlI9tA9VPzIFGQISvMms1ayuJEan7Q",
        "expire_date": "2021-10-15T12:15:04.794Z"
    }
},
{
    "model": "sessions.session",
    "pk": "wyvch62uv4wy0e5e4dy8nltwa1nqxkfd",
    "fields": {
        "session_data": ".eJxVjDsOwjAQBe_iGllr_Isp6XMGa71e4wBypDipEHeHSCmgfTPzXiLitta4dV7ilMVFKHH63RLSg9sO8h3bbZY0t3WZktwVedAuxznz83q4fwcVe_3WzkCwpQB4TIkGCGwdgLZ4dgm0GZRVxmtFGLQnjQqyw4CsiBm4FBbvD79WN7Y:1mneCx:n7PiYJvluToIzL4bw3nlTmysYUYvmCpDbFBH_qqE5cQ",
        "expire_date": "2021-12-02T09:59:55.770Z"
    }
},
{
    "model": "sessions.session",
    "pk": "yy65lk4tzrr1puqpd2otbyiuvewpw50g",
    "fields": {
        "session_data": ".eJxVjDsOwjAQBe_iGllr_Isp6XMGa71e4wBypDipEHeHSCmgfTPzXiLitta4dV7ilMVFKHH63RLSg9sO8h3bbZY0t3WZktwVedAuxznz83q4fwcVe_3WzkCwpQB4TIkGCGwdgLZ4dgm0GZRVxmtFGLQnjQqyw4CsiBm4FBbvD79WN7Y:1mmsQJ:_s3ke-10x-SIavk9a1ENTQxLQFedoajVngwxaWmqQk4",
        "expire_date": "2021-11-30T06:58:31.288Z"
    }
},
{
    "model": "patients.patient",
    "pk": 1,
    "fields": {
        "profile_image": "patients/2021/10/16/default_8YSEm9r.png",
        "city": "Chittagong",
        "state": "1001",
        "country": "Bangladesh",
        "gender": "Male",
        "blood_group": "A-",
        "date_joined": "2021-10-10T19:49:22Z",
        "date_of_birth": "2017-01-20",
        "user": [
            "h@gmail.com"
        ]
    }
},
{
    "model": "patients.patient",
    "pk": 2,
    "fields": {
        "profile_image": "",
        "city": null,
        "state": null,
        "country": null,
        "gender": null,
        "blood_group": null,
        "date_joined": "2021-10-10T23:54:42.784Z",
        "date_of_birth": null,
        "user": [
            "j@gmail.com"
        ]
    }
},
{
    "model": "patients.patient",
    "pk": 3,
    "fields": {
        "profile_image": "default.png",
        "city": null,
        "state": null,
        "country": null,
        "gender": null,
        "blood_group": null,
        "date_joined": "2021-10-20T16:19:09.401Z",
        "date_of_birth": null,
        "user": [
            "john@gmail.com"
        ]
    }
},
{
    "model": "doctors.doctor",
    "pk": 25,
    "fields": {
        "city": "Dhaka",
        "profile_image": "doctors/2021/10/20/10524640_754478914621399_5356876429276114842_n.jpg",
        "gender": "female",
        "description": "There are many variations of passages of Lorem Ipsum available, but the majority have suffered alteration in some form, by injected humour, or randomised words which don't look even slightly believable. If you are going to use a passage of Lorem Ipsum,",
        "date_joined": "2021-10-16T22:37:21Z",
        "user": [
            "s@gmail.com"
        ]
    }
},
{
    "model": "doctors.doctor",
    "pk": 26,
    "fields": {
        "city": "Torronto",
        "profile_image": "doctors/2021/10/16/default_jJBpiCl.png",
        "gender": "male",
        "description": "Lorem ipsum dolor sit amet, consectetur adipiscing elit, sed do eiusmod tempor incididunt ut labore et dolore magna aliqua. Ut enim ad minim veniam, quis nostrud exercitation ullamco laboris nisi ut aliquip ex ea commodo consequat. Duis aute irure dolor in reprehenderit in voluptate velit esse cillum dolore eu fugiat nulla pariatur!",
        "date_joined": "2021-10-16T22:37:56Z",
        "user": [
            "j@gmail.com"
        ]
    }
},
{
    "model": "doctors.doctor",
    "pk": 27,
    "fields": {
        "city": "Montreal",
        "profile_image": "doctors/2021/10/20/5423_-_Programmer.png",
        "gender": "male",
        "description": "It is a long established fact that a reader will be distracted by the readable content of a page when looking at its layout. The point of using Lorem Ipsum is that it has a more-or-less normal distribution of letters, as opposed to using 'Content here, content here', making it look like readable English.",
        "date_joined": "2021-10-17T22:03:57Z",
        "user": [
            "r@gmail.com"
        ]
    }
},
{
    "model": "admin.logentry",
    "pk": 1,
    "fields": {
        "action_time": "2021-09-29T07:28:19.946Z",
        "user": [
            "m@gmail.com"
        ],
        "content_type": [
            "users",
            "account"
        ],
        "object_id": "2",
        "object_repr": "",
        "action_flag": 1,
        "change_message": "[{\"added\": {}}]"
    }
},
{
    "model": "admin.logentry",
    "pk": 2,
    "fields": {
        "action_time": "2021-09-29T07:50:11.493Z",
        "user": [
            "m@gmail.com"
        ],
        "content_type": [
            "users",
            "account"
        ],
        "object_id": "3",
        "object_repr": "masum@gmail.com",
        "action_flag": 2,
        "change_message": "[{\"changed\": {\"fields\": [\"Is active\"]}}]"
    }
},
{
    "model": "admin.logentry",
    "pk": 3,
    "fields": {
        "action_time": "2021-09-29T18:15:52.202Z",
        "user": [
            "m@gmail.com"
        ],
        "content_type": [
            "users",
            "account"
        ],
        "object_id": "2",
        "object_repr": "",
        "action_flag": 3,
        "change_message": ""
    }
},
{
    "model": "admin.logentry",
    "pk": 4,
    "fields": {
        "action_time": "2021-09-30T19:49:25.635Z",
        "user": [
            "m@gmail.com"
        ],
        "content_type": [
            "doctors",
            "doctor"
        ],
        "object_id": "1",
        "object_repr": "Mahbub",
        "action_flag": 1,
        "change_message": "[{\"added\": {}}]"
    }
},
{
    "model": "admin.logentry",
    "pk": 5,
    "fields": {
        "action_time": "2021-09-30T19:52:05.392Z",
        "user": [
            "m@gmail.com"
        ],
        "content_type": [
            "doctors",
            "specialization"
        ],
        "object_id": "3",
        "object_repr": "cardio",
        "action_flag": 1,
        "change_message": "[{\"added\": {}}]"
    }
},
{
    "model": "admin.logentry",
    "pk": 6,
    "fields": {
        "action_time": "2021-09-30T19:52:40.925Z",
        "user": [
            "m@gmail.com"
        ],
        "content_type": [
            "doctors",
            "doctorspecialization"
        ],
        "object_id": "2",
        "object_repr": "DoctorSpecialization object (2)",
        "action_flag": 1,
        "change_message": "[{\"added\": {}}]"
    }
},
{
    "model": "admin.logentry",
    "pk": 7,
    "fields": {
        "action_time": "2021-10-01T09:16:10.470Z",
        "user": [
            "m@gmail.com"
        ],
        "content_type": [
            "doctors",
            "doctorspecialization"
        ],
        "object_id": "2",
        "object_repr": "DoctorSpecialization object (2)",
        "action_flag": 3,
        "change_message": ""
    }
},
{
    "model": "admin.logentry",
    "pk": 8,
    "fields": {
        "action_time": "2021-10-01T09:55:12.638Z",
        "user": [
            "m@gmail.com"
        ],
        "content_type": [
            "doctors",
            "specialization"
        ],
        "object_id": "5",
        "object_repr": "Specialization object (5)",
        "action_flag": 1,
        "change_message": "[{\"added\": {}}]"
    }
},
{
    "model": "admin.logentry",
    "pk": 9,
    "fields": {
        "action_time": "2021-10-01T16:12:00.895Z",
        "user": [
            "m@gmail.com"
        ],
        "content_type": [
            "doctors",
            "specialization"
        ],
        "object_id": "7",
        "object_repr": "[]",
        "action_flag": 3,
        "change_message": ""
    }
},
{
    "model": "admin.logentry",
    "pk": 10,
    "fields": {
        "action_time": "2021-10-01T16:12:01.010Z",
        "user": [
            "m@gmail.com"
        ],
        "content_type": [
            "doctors",
            "specialization"
        ],
        "object_id": "6",
        "object_repr": "[]",
        "action_flag": 3,
        "change_message": ""
    }
},
{
    "model": "admin.logentry",
    "pk": 11,
    "fields": {
        "action_time": "2021-10-01T16:12:01.012Z",
        "user": [
            "m@gmail.com"
        ],
        "content_type": [
            "doctors",
            "specialization"
        ],
        "object_id": "5",
        "object_repr": "Cardiologists,Dermatologists",
        "action_flag": 3,
        "change_message": ""
    }
},
{
    "model": "admin.logentry",
    "pk": 12,
    "fields": {
        "action_time": "2021-10-01T16:12:01.013Z",
        "user": [
            "m@gmail.com"
        ],
        "content_type": [
            "doctors",
            "specialization"
        ],
        "object_id": "3",
        "object_repr": "cardio",
        "action_flag": 3,
        "change_message": ""
    }
},
{
    "model": "admin.logentry",
    "pk": 13,
    "fields": {
        "action_time": "2021-10-01T16:12:54.806Z",
        "user": [
            "m@gmail.com"
        ],
        "content_type": [
            "doctors",
            "specialization"
        ],
        "object_id": "8",
        "object_repr": "['a', 'b']",
        "action_flag": 3,
        "change_message": ""
    }
},
{
    "model": "admin.logentry",
    "pk": 14,
    "fields": {
        "action_time": "2021-10-01T17:05:23.478Z",
        "user": [
            "m@gmail.com"
        ],
        "content_type": [
            "doctors",
            "specialization"
        ],
        "object_id": "13",
        "object_repr": "['a', 'b']",
        "action_flag": 3,
        "change_message": ""
    }
},
{
    "model": "admin.logentry",
    "pk": 15,
    "fields": {
        "action_time": "2021-10-01T17:05:23.597Z",
        "user": [
            "m@gmail.com"
        ],
        "content_type": [
            "doctors",
            "specialization"
        ],
        "object_id": "12",
        "object_repr": "['a', 'b']",
        "action_flag": 3,
        "change_message": ""
    }
},
{
    "model": "admin.logentry",
    "pk": 16,
    "fields": {
        "action_time": "2021-10-01T17:05:23.599Z",
        "user": [
            "m@gmail.com"
        ],
        "content_type": [
            "doctors",
            "specialization"
        ],
        "object_id": "11",
        "object_repr": "['a', 'b']",
        "action_flag": 3,
        "change_message": ""
    }
},
{
    "model": "admin.logentry",
    "pk": 17,
    "fields": {
        "action_time": "2021-10-01T17:05:23.614Z",
        "user": [
            "m@gmail.com"
        ],
        "content_type": [
            "doctors",
            "specialization"
        ],
        "object_id": "10",
        "object_repr": "b",
        "action_flag": 3,
        "change_message": ""
    }
},
{
    "model": "admin.logentry",
    "pk": 18,
    "fields": {
        "action_time": "2021-10-01T17:05:23.630Z",
        "user": [
            "m@gmail.com"
        ],
        "content_type": [
            "doctors",
            "specialization"
        ],
        "object_id": "9",
        "object_repr": "['b', 'c']",
        "action_flag": 3,
        "change_message": ""
    }
},
{
    "model": "admin.logentry",
    "pk": 19,
    "fields": {
        "action_time": "2021-10-01T17:11:19.533Z",
        "user": [
            "m@gmail.com"
        ],
        "content_type": [
            "doctors",
            "specialization"
        ],
        "object_id": "14",
        "object_repr": "c",
        "action_flag": 3,
        "change_message": ""
    }
},
{
    "model": "admin.logentry",
    "pk": 20,
    "fields": {
        "action_time": "2021-10-01T17:33:09.194Z",
        "user": [
            "m@gmail.com"
        ],
        "content_type": [
            "doctors",
            "specialization"
        ],
        "object_id": "17",
        "object_repr": "b",
        "action_flag": 3,
        "change_message": ""
    }
},
{
    "model": "admin.logentry",
    "pk": 21,
    "fields": {
        "action_time": "2021-10-01T17:33:09.203Z",
        "user": [
            "m@gmail.com"
        ],
        "content_type": [
            "doctors",
            "specialization"
        ],
        "object_id": "16",
        "object_repr": "b",
        "action_flag": 3,
        "change_message": ""
    }
},
{
    "model": "admin.logentry",
    "pk": 22,
    "fields": {
        "action_time": "2021-10-01T19:27:56.587Z",
        "user": [
            "m@gmail.com"
        ],
        "content_type": [
            "doctors",
            "doctorspecialization"
        ],
        "object_id": "6",
        "object_repr": "Dermatologists",
        "action_flag": 3,
        "change_message": ""
    }
},
{
    "model": "admin.logentry",
    "pk": 23,
    "fields": {
        "action_time": "2021-10-01T19:27:56.661Z",
        "user": [
            "m@gmail.com"
        ],
        "content_type": [
            "doctors",
            "doctorspecialization"
        ],
        "object_id": "5",
        "object_repr": "Anesthesiologists",
        "action_flag": 3,
        "change_message": ""
    }
},
{
    "model": "admin.logentry",
    "pk": 24,
    "fields": {
        "action_time": "2021-10-01T19:28:14.882Z",
        "user": [
            "m@gmail.com"
        ],
        "content_type": [
            "doctors",
            "doctorspecialization"
        ],
        "object_id": "8",
        "object_repr": "Cardiologists",
        "action_flag": 2,
        "change_message": "[{\"changed\": {\"fields\": [\"Doctor\"]}}]"
    }
},
{
    "model": "admin.logentry",
    "pk": 25,
    "fields": {
        "action_time": "2021-10-07T20:04:27.028Z",
        "user": [
            "m@gmail.com"
        ],
        "content_type": [
            "doctors",
            "doctorspecialization"
        ],
        "object_id": "10",
        "object_repr": "Endocrinologists",
        "action_flag": 3,
        "change_message": ""
    }
},
{
    "model": "admin.logentry",
    "pk": 26,
    "fields": {
        "action_time": "2021-10-07T20:04:27.058Z",
        "user": [
            "m@gmail.com"
        ],
        "content_type": [
            "doctors",
            "doctorspecialization"
        ],
        "object_id": "9",
        "object_repr": "Anesthesiologists",
        "action_flag": 3,
        "change_message": ""
    }
},
{
    "model": "admin.logentry",
    "pk": 27,
    "fields": {
        "action_time": "2021-10-07T20:04:27.079Z",
        "user": [
            "m@gmail.com"
        ],
        "content_type": [
            "doctors",
            "doctorspecialization"
        ],
        "object_id": "8",
        "object_repr": "Cardiologists",
        "action_flag": 3,
        "change_message": ""
    }
},
{
    "model": "admin.logentry",
    "pk": 28,
    "fields": {
        "action_time": "2021-10-07T20:04:27.081Z",
        "user": [
            "m@gmail.com"
        ],
        "content_type": [
            "doctors",
            "doctorspecialization"
        ],
        "object_id": "7",
        "object_repr": "Anesthesiologists",
        "action_flag": 3,
        "change_message": ""
    }
},
{
    "model": "admin.logentry",
    "pk": 29,
    "fields": {
        "action_time": "2021-10-08T07:10:44.934Z",
        "user": [
            "m@gmail.com"
        ],
        "content_type": [
            "users",
            "account"
        ],
        "object_id": "4",
        "object_repr": "masum2617@gmail.com",
        "action_flag": 3,
        "change_message": ""
    }
},
{
    "model": "admin.logentry",
    "pk": 30,
    "fields": {
        "action_time": "2021-10-08T07:10:45.067Z",
        "user": [
            "m@gmail.com"
        ],
        "content_type": [
            "users",
            "account"
        ],
        "object_id": "3",
        "object_repr": "masum@gmail.com",
        "action_flag": 3,
        "change_message": ""
    }
},
{
    "model": "admin.logentry",
    "pk": 31,
    "fields": {
        "action_time": "2021-10-08T07:11:12.854Z",
        "user": [
            "m@gmail.com"
        ],
        "content_type": [
            "doctors",
            "doctor"
        ],
        "object_id": "1",
        "object_repr": "Mahbub",
        "action_flag": 3,
        "change_message": ""
    }
},
{
    "model": "admin.logentry",
    "pk": 32,
    "fields": {
        "action_time": "2021-10-08T07:11:27.313Z",
        "user": [
            "m@gmail.com"
        ],
        "content_type": [
            "doctors",
            "doctorspecialization"
        ],
        "object_id": "13",
        "object_repr": "Dermatologists",
        "action_flag": 3,
        "change_message": ""
    }
},
{
    "model": "admin.logentry",
    "pk": 33,
    "fields": {
        "action_time": "2021-10-08T07:11:27.341Z",
        "user": [
            "m@gmail.com"
        ],
        "content_type": [
            "doctors",
            "doctorspecialization"
        ],
        "object_id": "12",
        "object_repr": "Cardiologists",
        "action_flag": 3,
        "change_message": ""
    }
},
{
    "model": "admin.logentry",
    "pk": 34,
    "fields": {
        "action_time": "2021-10-08T07:11:27.343Z",
        "user": [
            "m@gmail.com"
        ],
        "content_type": [
            "doctors",
            "doctorspecialization"
        ],
        "object_id": "11",
        "object_repr": "Allergists/Immunologists",
        "action_flag": 3,
        "change_message": ""
    }
},
{
    "model": "admin.logentry",
    "pk": 35,
    "fields": {
        "action_time": "2021-10-08T07:11:37.576Z",
        "user": [
            "m@gmail.com"
        ],
        "content_type": [
            "users",
            "account"
        ],
        "object_id": "4",
        "object_repr": "masum2617@gmail.com",
        "action_flag": 3,
        "change_message": ""
    }
},
{
    "model": "admin.logentry",
    "pk": 36,
    "fields": {
        "action_time": "2021-10-08T07:11:37.581Z",
        "user": [
            "m@gmail.com"
        ],
        "content_type": [
            "users",
            "account"
        ],
        "object_id": "3",
        "object_repr": "masum@gmail.com",
        "action_flag": 3,
        "change_message": ""
    }
},
{
    "model": "admin.logentry",
    "pk": 37,
    "fields": {
        "action_time": "2021-10-08T11:01:01.041Z",
        "user": [
            "m@gmail.com"
        ],
        "content_type": [
            "users",
            "account"
        ],
        "object_id": "1",
        "object_repr": "m@gmail.com",
        "action_flag": 2,
        "change_message": "[{\"changed\": {\"fields\": [\"Phone number\", \"User type\"]}}]"
    }
},
{
    "model": "admin.logentry",
    "pk": 38,
    "fields": {
        "action_time": "2021-10-08T18:27:18.582Z",
        "user": [
            "m@gmail.com"
        ],
        "content_type": [
            "doctors",
            "doctor"
        ],
        "object_id": "6",
        "object_repr": "Doctor object (6)",
        "action_flag": 3,
        "change_message": ""
    }
},
{
    "model": "admin.logentry",
    "pk": 39,
    "fields": {
        "action_time": "2021-10-08T18:27:18.903Z",
        "user": [
            "m@gmail.com"
        ],
        "content_type": [
            "doctors",
            "doctor"
        ],
        "object_id": "5",
        "object_repr": "Doctor object (5)",
        "action_flag": 3,
        "change_message": ""
    }
},
{
    "model": "admin.logentry",
    "pk": 40,
    "fields": {
        "action_time": "2021-10-08T18:27:18.904Z",
        "user": [
            "m@gmail.com"
        ],
        "content_type": [
            "doctors",
            "doctor"
        ],
        "object_id": "4",
        "object_repr": "Doctor object (4)",
        "action_flag": 3,
        "change_message": ""
    }
},
{
    "model": "admin.logentry",
    "pk": 41,
    "fields": {
        "action_time": "2021-10-08T18:27:18.906Z",
        "user": [
            "m@gmail.com"
        ],
        "content_type": [
            "doctors",
            "doctor"
        ],
        "object_id": "3",
        "object_repr": "Doctor object (3)",
        "action_flag": 3,
        "change_message": ""
    }
},
{
    "model": "admin.logentry",
    "pk": 42,
    "fields": {
        "action_time": "2021-10-08T18:27:18.909Z",
        "user": [
            "m@gmail.com"
        ],
        "content_type": [
            "doctors",
            "doctor"
        ],
        "object_id": "2",
        "object_repr": "Doctor object (2)",
        "action_flag": 3,
        "change_message": ""
    }
},
{
    "model": "admin.logentry",
    "pk": 43,
    "fields": {
        "action_time": "2021-10-08T18:29:37.821Z",
        "user": [
            "m@gmail.com"
        ],
        "content_type": [
            "doctors",
            "doctor"
        ],
        "object_id": "7",
        "object_repr": "Doctor object (7)",
        "action_flag": 3,
        "change_message": ""
    }
},
{
    "model": "admin.logentry",
    "pk": 44,
    "fields": {
        "action_time": "2021-10-08T18:53:52.025Z",
        "user": [
            "m@gmail.com"
        ],
        "content_type": [
            "doctors",
            "doctor"
        ],
        "object_id": "8",
        "object_repr": "Doctor object (8)",
        "action_flag": 3,
        "change_message": ""
    }
},
{
    "model": "admin.logentry",
    "pk": 45,
    "fields": {
        "action_time": "2021-10-08T18:57:07.657Z",
        "user": [
            "m@gmail.com"
        ],
        "content_type": [
            "doctors",
            "doctor"
        ],
        "object_id": "10",
        "object_repr": "Doctor object (10)",
        "action_flag": 3,
        "change_message": ""
    }
},
{
    "model": "admin.logentry",
    "pk": 46,
    "fields": {
        "action_time": "2021-10-08T18:57:12.549Z",
        "user": [
            "m@gmail.com"
        ],
        "content_type": [
            "doctors",
            "doctor"
        ],
        "object_id": "9",
        "object_repr": "Doctor object (9)",
        "action_flag": 3,
        "change_message": ""
    }
},
{
    "model": "admin.logentry",
    "pk": 47,
    "fields": {
        "action_time": "2021-10-08T18:57:54.778Z",
        "user": [
            "m@gmail.com"
        ],
        "content_type": [
            "doctors",
            "doctor"
        ],
        "object_id": "11",
        "object_repr": "Doctor object (11)",
        "action_flag": 2,
        "change_message": "[{\"changed\": {\"fields\": [\"Profile image\"]}}]"
    }
},
{
    "model": "admin.logentry",
    "pk": 48,
    "fields": {
        "action_time": "2021-10-08T19:31:24.193Z",
        "user": [
            "m@gmail.com"
        ],
        "content_type": [
            "doctors",
            "doctor"
        ],
        "object_id": "14",
        "object_repr": "Doctor object (14)",
        "action_flag": 3,
        "change_message": ""
    }
},
{
    "model": "admin.logentry",
    "pk": 49,
    "fields": {
        "action_time": "2021-10-08T19:31:24.251Z",
        "user": [
            "m@gmail.com"
        ],
        "content_type": [
            "doctors",
            "doctor"
        ],
        "object_id": "13",
        "object_repr": "Doctor object (13)",
        "action_flag": 3,
        "change_message": ""
    }
},
{
    "model": "admin.logentry",
    "pk": 50,
    "fields": {
        "action_time": "2021-10-08T19:31:24.253Z",
        "user": [
            "m@gmail.com"
        ],
        "content_type": [
            "doctors",
            "doctor"
        ],
        "object_id": "12",
        "object_repr": "Doctor object (12)",
        "action_flag": 3,
        "change_message": ""
    }
},
{
    "model": "admin.logentry",
    "pk": 51,
    "fields": {
        "action_time": "2021-10-08T19:31:24.283Z",
        "user": [
            "m@gmail.com"
        ],
        "content_type": [
            "doctors",
            "doctor"
        ],
        "object_id": "11",
        "object_repr": "Doctor object (11)",
        "action_flag": 3,
        "change_message": ""
    }
},
{
    "model": "admin.logentry",
    "pk": 52,
    "fields": {
        "action_time": "2021-10-08T19:33:29.552Z",
        "user": [
            "m@gmail.com"
        ],
        "content_type": [
            "doctors",
            "doctor"
        ],
        "object_id": "15",
        "object_repr": "Doctor object (15)",
        "action_flag": 3,
        "change_message": ""
    }
},
{
    "model": "admin.logentry",
    "pk": 53,
    "fields": {
        "action_time": "2021-10-09T17:59:05.104Z",
        "user": [
            "m@gmail.com"
        ],
        "content_type": [
            "doctors",
            "doctor"
        ],
        "object_id": "16",
        "object_repr": "Robin",
        "action_flag": 3,
        "change_message": ""
    }
},
{
    "model": "admin.logentry",
    "pk": 54,
    "fields": {
        "action_time": "2021-10-09T18:36:24.550Z",
        "user": [
            "m@gmail.com"
        ],
        "content_type": [
            "doctors",
            "qualification"
        ],
        "object_id": "1",
        "object_repr": "dhaka medical college",
        "action_flag": 3,
        "change_message": ""
    }
},
{
    "model": "admin.logentry",
    "pk": 55,
    "fields": {
        "action_time": "2021-10-09T18:36:31.155Z",
        "user": [
            "m@gmail.com"
        ],
        "content_type": [
            "doctors",
            "doctorspecialization"
        ],
        "object_id": "15",
        "object_repr": "Cardiologists",
        "action_flag": 3,
        "change_message": ""
    }
},
{
    "model": "admin.logentry",
    "pk": 56,
    "fields": {
        "action_time": "2021-10-09T18:36:31.160Z",
        "user": [
            "m@gmail.com"
        ],
        "content_type": [
            "doctors",
            "doctorspecialization"
        ],
        "object_id": "14",
        "object_repr": "Anesthesiologists",
        "action_flag": 3,
        "change_message": ""
    }
},
{
    "model": "admin.logentry",
    "pk": 57,
    "fields": {
        "action_time": "2021-10-10T07:22:57.849Z",
        "user": [
            "m@gmail.com"
        ],
        "content_type": [
            "doctors",
            "doctor"
        ],
        "object_id": "18",
        "object_repr": "Sadman",
        "action_flag": 3,
        "change_message": ""
    }
},
{
    "model": "admin.logentry",
    "pk": 58,
    "fields": {
        "action_time": "2021-10-10T07:24:27.548Z",
        "user": [
            "m@gmail.com"
        ],
        "content_type": [
            "doctors",
            "doctor"
        ],
        "object_id": "18",
        "object_repr": "Sadman",
        "action_flag": 3,
        "change_message": ""
    }
},
{
    "model": "admin.logentry",
    "pk": 59,
    "fields": {
        "action_time": "2021-10-10T07:25:21.516Z",
        "user": [
            "m@gmail.com"
        ],
        "content_type": [
            "users",
            "account"
        ],
        "object_id": "7",
        "object_repr": "s@gmail.com",
        "action_flag": 3,
        "change_message": ""
    }
},
{
    "model": "admin.logentry",
    "pk": 60,
    "fields": {
        "action_time": "2021-10-10T08:56:45.267Z",
        "user": [
            "m@gmail.com"
        ],
        "content_type": [
            "doctors",
            "doctor"
        ],
        "object_id": "19",
        "object_repr": "Sadman",
        "action_flag": 3,
        "change_message": ""
    }
},
{
    "model": "admin.logentry",
    "pk": 61,
    "fields": {
        "action_time": "2021-10-10T10:16:28.864Z",
        "user": [
            "m@gmail.com"
        ],
        "content_type": [
            "doctors",
            "doctorspecialization"
        ],
        "object_id": "21",
        "object_repr": "Update Profile",
        "action_flag": 3,
        "change_message": ""
    }
},
{
    "model": "admin.logentry",
    "pk": 62,
    "fields": {
        "action_time": "2021-10-10T10:16:28.888Z",
        "user": [
            "m@gmail.com"
        ],
        "content_type": [
            "doctors",
            "doctorspecialization"
        ],
        "object_id": "20",
        "object_repr": "Anesthesiologists",
        "action_flag": 3,
        "change_message": ""
    }
},
{
    "model": "admin.logentry",
    "pk": 63,
    "fields": {
        "action_time": "2021-10-10T10:16:28.889Z",
        "user": [
            "m@gmail.com"
        ],
        "content_type": [
            "doctors",
            "doctorspecialization"
        ],
        "object_id": "19",
        "object_repr": "Update Profile",
        "action_flag": 3,
        "change_message": ""
    }
},
{
    "model": "admin.logentry",
    "pk": 64,
    "fields": {
        "action_time": "2021-10-10T11:45:05.000Z",
        "user": [
            "m@gmail.com"
        ],
        "content_type": [
            "doctors",
            "doctor"
        ],
        "object_id": "20",
        "object_repr": "Sadman",
        "action_flag": 3,
        "change_message": ""
    }
},
{
    "model": "admin.logentry",
    "pk": 65,
    "fields": {
        "action_time": "2021-10-10T11:46:50.369Z",
        "user": [
            "m@gmail.com"
        ],
        "content_type": [
            "users",
            "account"
        ],
        "object_id": "9",
        "object_repr": "s@gmail.com",
        "action_flag": 3,
        "change_message": ""
    }
},
{
    "model": "admin.logentry",
    "pk": 66,
    "fields": {
        "action_time": "2021-10-10T11:48:41.960Z",
        "user": [
            "m@gmail.com"
        ],
        "content_type": [
            "users",
            "account"
        ],
        "object_id": "10",
        "object_repr": "s@gmail.com",
        "action_flag": 3,
        "change_message": ""
    }
},
{
    "model": "admin.logentry",
    "pk": 67,
    "fields": {
        "action_time": "2021-10-10T12:05:35.192Z",
        "user": [
            "m@gmail.com"
        ],
        "content_type": [
            "users",
            "account"
        ],
        "object_id": "11",
        "object_repr": "s@gmail.com",
        "action_flag": 3,
        "change_message": ""
    }
},
{
    "model": "admin.logentry",
    "pk": 68,
    "fields": {
        "action_time": "2021-10-10T13:42:37.464Z",
        "user": [
            "m@gmail.com"
        ],
        "content_type": [
            "users",
            "account"
        ],
        "object_id": "12",
        "object_repr": "s@gmail.com",
        "action_flag": 3,
        "change_message": ""
    }
},
{
    "model": "admin.logentry",
    "pk": 69,
    "fields": {
        "action_time": "2021-10-10T15:14:01.116Z",
        "user": [
            "m@gmail.com"
        ],
        "content_type": [
            "doctors",
            "doctor"
        ],
        "object_id": "22",
        "object_repr": "Sadman",
        "action_flag": 3,
        "change_message": ""
    }
},
{
    "model": "admin.logentry",
    "pk": 70,
    "fields": {
        "action_time": "2021-10-10T15:31:50.301Z",
        "user": [
            "m@gmail.com"
        ],
        "content_type": [
            "doctors",
            "doctorspecialization"
        ],
        "object_id": "24",
        "object_repr": "Dermatologists",
        "action_flag": 3,
        "change_message": ""
    }
},
{
    "model": "admin.logentry",
    "pk": 71,
    "fields": {
        "action_time": "2021-10-10T15:31:50.470Z",
        "user": [
            "m@gmail.com"
        ],
        "content_type": [
            "doctors",
            "doctorspecialization"
        ],
        "object_id": "23",
        "object_repr": "Cardiologists",
        "action_flag": 3,
        "change_message": ""
    }
},
{
    "model": "admin.logentry",
    "pk": 72,
    "fields": {
        "action_time": "2021-10-10T17:17:46.561Z",
        "user": [
            "m@gmail.com"
        ],
        "content_type": [
            "doctors",
            "doctor"
        ],
        "object_id": "23",
        "object_repr": "Sadman",
        "action_flag": 3,
        "change_message": ""
    }
},
{
    "model": "admin.logentry",
    "pk": 73,
    "fields": {
        "action_time": "2021-10-10T18:49:04.156Z",
        "user": [
            "m@gmail.com"
        ],
        "content_type": [
            "users",
            "account"
        ],
        "object_id": "13",
        "object_repr": "s@gmail.com",
        "action_flag": 3,
        "change_message": ""
    }
},
{
    "model": "admin.logentry",
    "pk": 74,
    "fields": {
        "action_time": "2021-10-10T18:49:26.092Z",
        "user": [
            "m@gmail.com"
        ],
        "content_type": [
            "doctors",
            "doctor"
        ],
        "object_id": "21",
        "object_repr": "Sadman",
        "action_flag": 3,
        "change_message": ""
    }
},
{
    "model": "admin.logentry",
    "pk": 75,
    "fields": {
        "action_time": "2021-10-10T18:49:35.986Z",
        "user": [
            "m@gmail.com"
        ],
        "content_type": [
            "users",
            "account"
        ],
        "object_id": "13",
        "object_repr": "s@gmail.com",
        "action_flag": 3,
        "change_message": ""
    }
},
{
    "model": "admin.logentry",
    "pk": 76,
    "fields": {
        "action_time": "2021-10-10T19:12:19.469Z",
        "user": [
            "m@gmail.com"
        ],
        "content_type": [
            "doctors",
            "doctor"
        ],
        "object_id": "24",
        "object_repr": "Sadman",
        "action_flag": 2,
        "change_message": "[{\"changed\": {\"fields\": [\"City\", \"Gender\", \"Description\"]}}]"
    }
},
{
    "model": "admin.logentry",
    "pk": 77,
    "fields": {
        "action_time": "2021-10-10T19:13:00.348Z",
        "user": [
            "m@gmail.com"
        ],
        "content_type": [
            "doctors",
            "doctor"
        ],
        "object_id": "24",
        "object_repr": "Sadman",
        "action_flag": 2,
        "change_message": "[{\"changed\": {\"fields\": [\"Profile image\"]}}]"
    }
},
{
    "model": "admin.logentry",
    "pk": 78,
    "fields": {
        "action_time": "2021-10-11T14:22:33.266Z",
        "user": [
            "m@gmail.com"
        ],
        "content_type": [
            "doctors",
            "qualification"
        ],
        "object_id": "2",
        "object_repr": "dhaka medical college",
        "action_flag": 3,
        "change_message": ""
    }
},
{
    "model": "admin.logentry",
    "pk": 79,
    "fields": {
        "action_time": "2021-10-15T18:02:30.509Z",
        "user": [
            "m@gmail.com"
        ],
        "content_type": [
            "documents",
            "medicalhistory"
        ],
        "object_id": "4",
        "object_repr": "For Dr. Sadman",
        "action_flag": 3,
        "change_message": ""
    }
},
{
    "model": "admin.logentry",
    "pk": 80,
    "fields": {
        "action_time": "2021-10-15T18:02:31.061Z",
        "user": [
            "m@gmail.com"
        ],
        "content_type": [
            "documents",
            "medicalhistory"
        ],
        "object_id": "3",
        "object_repr": "For Dr. Sadman",
        "action_flag": 3,
        "change_message": ""
    }
},
{
    "model": "admin.logentry",
    "pk": 81,
    "fields": {
        "action_time": "2021-10-15T18:02:31.064Z",
        "user": [
            "m@gmail.com"
        ],
        "content_type": [
            "documents",
            "medicalhistory"
        ],
        "object_id": "2",
        "object_repr": "For Dr. Sadman",
        "action_flag": 3,
        "change_message": ""
    }
},
{
    "model": "admin.logentry",
    "pk": 82,
    "fields": {
        "action_time": "2021-10-15T18:02:31.068Z",
        "user": [
            "m@gmail.com"
        ],
        "content_type": [
            "documents",
            "medicalhistory"
        ],
        "object_id": "1",
        "object_repr": "For Dr. Sadman",
        "action_flag": 3,
        "change_message": ""
    }
},
{
    "model": "admin.logentry",
    "pk": 83,
    "fields": {
        "action_time": "2021-10-15T18:16:32.121Z",
        "user": [
            "m@gmail.com"
        ],
        "content_type": [
            "documents",
            "medicalhistory"
        ],
        "object_id": "5",
        "object_repr": "For Dr. Sadman",
        "action_flag": 3,
        "change_message": ""
    }
},
{
    "model": "admin.logentry",
    "pk": 84,
    "fields": {
        "action_time": "2021-10-15T18:54:43.061Z",
        "user": [
            "m@gmail.com"
        ],
        "content_type": [
            "documents",
            "medicalhistory"
        ],
        "object_id": "6",
        "object_repr": "For Dr. Sadman",
        "action_flag": 3,
        "change_message": ""
    }
},
{
    "model": "admin.logentry",
    "pk": 85,
    "fields": {
        "action_time": "2021-10-15T19:55:45.590Z",
        "user": [
            "m@gmail.com"
        ],
        "content_type": [
            "documents",
            "medicalhistory"
        ],
        "object_id": "15",
        "object_repr": "For Dr. Sadman",
        "action_flag": 3,
        "change_message": ""
    }
},
{
    "model": "admin.logentry",
    "pk": 86,
    "fields": {
        "action_time": "2021-10-15T19:55:45.676Z",
        "user": [
            "m@gmail.com"
        ],
        "content_type": [
            "documents",
            "medicalhistory"
        ],
        "object_id": "14",
        "object_repr": "For Dr. Sadman",
        "action_flag": 3,
        "change_message": ""
    }
},
{
    "model": "admin.logentry",
    "pk": 87,
    "fields": {
        "action_time": "2021-10-15T19:55:45.685Z",
        "user": [
            "m@gmail.com"
        ],
        "content_type": [
            "documents",
            "medicalhistory"
        ],
        "object_id": "13",
        "object_repr": "For Dr. Sadman",
        "action_flag": 3,
        "change_message": ""
    }
},
{
    "model": "admin.logentry",
    "pk": 88,
    "fields": {
        "action_time": "2021-10-15T19:55:45.695Z",
        "user": [
            "m@gmail.com"
        ],
        "content_type": [
            "documents",
            "medicalhistory"
        ],
        "object_id": "12",
        "object_repr": "For Dr. Sadman",
        "action_flag": 3,
        "change_message": ""
    }
},
{
    "model": "admin.logentry",
    "pk": 89,
    "fields": {
        "action_time": "2021-10-15T19:55:45.696Z",
        "user": [
            "m@gmail.com"
        ],
        "content_type": [
            "documents",
            "medicalhistory"
        ],
        "object_id": "11",
        "object_repr": "For Dr. Sadman",
        "action_flag": 3,
        "change_message": ""
    }
},
{
    "model": "admin.logentry",
    "pk": 90,
    "fields": {
        "action_time": "2021-10-15T19:55:45.699Z",
        "user": [
            "m@gmail.com"
        ],
        "content_type": [
            "documents",
            "medicalhistory"
        ],
        "object_id": "10",
        "object_repr": "For Dr. Sadman",
        "action_flag": 3,
        "change_message": ""
    }
},
{
    "model": "admin.logentry",
    "pk": 91,
    "fields": {
        "action_time": "2021-10-15T19:55:45.701Z",
        "user": [
            "m@gmail.com"
        ],
        "content_type": [
            "documents",
            "medicalhistory"
        ],
        "object_id": "9",
        "object_repr": "For Dr. Sadman",
        "action_flag": 3,
        "change_message": ""
    }
},
{
    "model": "admin.logentry",
    "pk": 92,
    "fields": {
        "action_time": "2021-10-15T19:55:45.702Z",
        "user": [
            "m@gmail.com"
        ],
        "content_type": [
            "documents",
            "medicalhistory"
        ],
        "object_id": "8",
        "object_repr": "For Dr. Sadman",
        "action_flag": 3,
        "change_message": ""
    }
},
{
    "model": "admin.logentry",
    "pk": 93,
    "fields": {
        "action_time": "2021-10-15T19:55:45.703Z",
        "user": [
            "m@gmail.com"
        ],
        "content_type": [
            "documents",
            "medicalhistory"
        ],
        "object_id": "7",
        "object_repr": "For Dr. Sadman",
        "action_flag": 3,
        "change_message": ""
    }
},
{
    "model": "admin.logentry",
    "pk": 94,
    "fields": {
        "action_time": "2021-10-15T20:08:20.092Z",
        "user": [
            "m@gmail.com"
        ],
        "content_type": [
            "documents",
            "medicalhistory"
        ],
        "object_id": "18",
        "object_repr": "For Dr. Sadman",
        "action_flag": 3,
        "change_message": ""
    }
},
{
    "model": "admin.logentry",
    "pk": 95,
    "fields": {
        "action_time": "2021-10-15T20:08:20.125Z",
        "user": [
            "m@gmail.com"
        ],
        "content_type": [
            "documents",
            "medicalhistory"
        ],
        "object_id": "17",
        "object_repr": "For Dr. Sadman",
        "action_flag": 3,
        "change_message": ""
    }
},
{
    "model": "admin.logentry",
    "pk": 96,
    "fields": {
        "action_time": "2021-10-15T20:08:20.127Z",
        "user": [
            "m@gmail.com"
        ],
        "content_type": [
            "documents",
            "medicalhistory"
        ],
        "object_id": "16",
        "object_repr": "For Dr. Sadman",
        "action_flag": 3,
        "change_message": ""
    }
},
{
    "model": "admin.logentry",
    "pk": 97,
    "fields": {
        "action_time": "2021-10-15T20:15:09.380Z",
        "user": [
            "m@gmail.com"
        ],
        "content_type": [
            "documents",
            "medicalhistory"
        ],
        "object_id": "19",
        "object_repr": "For Dr. Sadman",
        "action_flag": 3,
        "change_message": ""
    }
},
{
    "model": "admin.logentry",
    "pk": 98,
    "fields": {
        "action_time": "2021-10-15T20:19:41.462Z",
        "user": [
            "m@gmail.com"
        ],
        "content_type": [
            "documents",
            "medicalhistory"
        ],
        "object_id": "20",
        "object_repr": "For Dr. Sadman",
        "action_flag": 2,
        "change_message": "[{\"changed\": {\"fields\": [\"First name\", \"Last name\", \"Reason\", \"Ever had\", \"Height\", \"Weight\", \"Age\", \"Gender\", \"Blood group\", \"Previous operation\", \"Current medication\"]}}]"
    }
},
{
    "model": "admin.logentry",
    "pk": 99,
    "fields": {
        "action_time": "2021-10-16T04:36:39.038Z",
        "user": [
            "m@gmail.com"
        ],
        "content_type": [
            "documents",
            "medicalhistory"
        ],
        "object_id": "20",
        "object_repr": "For Dr. Sadman",
        "action_flag": 3,
        "change_message": ""
    }
},
{
    "model": "admin.logentry",
    "pk": 100,
    "fields": {
        "action_time": "2021-10-16T04:38:10.437Z",
        "user": [
            "m@gmail.com"
        ],
        "content_type": [
            "documents",
            "medicalhistory"
        ],
        "object_id": "21",
        "object_repr": "For Dr. Sadman",
        "action_flag": 3,
        "change_message": ""
    }
},
{
    "model": "admin.logentry",
    "pk": 101,
    "fields": {
        "action_time": "2021-10-16T04:52:00.970Z",
        "user": [
            "m@gmail.com"
        ],
        "content_type": [
            "documents",
            "medicalhistory"
        ],
        "object_id": "25",
        "object_repr": "MedicalHistory object (25)",
        "action_flag": 3,
        "change_message": ""
    }
},
{
    "model": "admin.logentry",
    "pk": 102,
    "fields": {
        "action_time": "2021-10-16T04:52:01.017Z",
        "user": [
            "m@gmail.com"
        ],
        "content_type": [
            "documents",
            "medicalhistory"
        ],
        "object_id": "24",
        "object_repr": "MedicalHistory object (24)",
        "action_flag": 3,
        "change_message": ""
    }
},
{
    "model": "admin.logentry",
    "pk": 103,
    "fields": {
        "action_time": "2021-10-16T04:52:01.022Z",
        "user": [
            "m@gmail.com"
        ],
        "content_type": [
            "documents",
            "medicalhistory"
        ],
        "object_id": "23",
        "object_repr": "MedicalHistory object (23)",
        "action_flag": 3,
        "change_message": ""
    }
},
{
    "model": "admin.logentry",
    "pk": 104,
    "fields": {
        "action_time": "2021-10-16T04:52:01.036Z",
        "user": [
            "m@gmail.com"
        ],
        "content_type": [
            "documents",
            "medicalhistory"
        ],
        "object_id": "22",
        "object_repr": "MedicalHistory object (22)",
        "action_flag": 3,
        "change_message": ""
    }
},
{
    "model": "admin.logentry",
    "pk": 105,
    "fields": {
        "action_time": "2021-10-16T05:34:21.749Z",
        "user": [
            "m@gmail.com"
        ],
        "content_type": [
            "documents",
            "medicalhistory"
        ],
        "object_id": "26",
        "object_repr": "MedicalHistory object (26)",
        "action_flag": 3,
        "change_message": ""
    }
},
{
    "model": "admin.logentry",
    "pk": 106,
    "fields": {
        "action_time": "2021-10-16T05:42:24.020Z",
        "user": [
            "m@gmail.com"
        ],
        "content_type": [
            "documents",
            "medicalhistory"
        ],
        "object_id": "28",
        "object_repr": "MedicalHistory object (28)",
        "action_flag": 3,
        "change_message": ""
    }
},
{
    "model": "admin.logentry",
    "pk": 107,
    "fields": {
        "action_time": "2021-10-16T05:51:07.099Z",
        "user": [
            "m@gmail.com"
        ],
        "content_type": [
            "documents",
            "medicalhistory"
        ],
        "object_id": "27",
        "object_repr": "MedicalHistory object (27)",
        "action_flag": 3,
        "change_message": ""
    }
},
{
    "model": "admin.logentry",
    "pk": 108,
    "fields": {
        "action_time": "2021-10-16T07:50:33.054Z",
        "user": [
            "m@gmail.com"
        ],
        "content_type": [
            "documents",
            "appointment"
        ],
        "object_id": "2",
        "object_repr": "Appointment object (2)",
        "action_flag": 1,
        "change_message": "[{\"added\": {}}]"
    }
},
{
    "model": "admin.logentry",
    "pk": 109,
    "fields": {
        "action_time": "2021-10-16T07:55:32.770Z",
        "user": [
            "m@gmail.com"
        ],
        "content_type": [
            "documents",
            "medicalhistory"
        ],
        "object_id": "30",
        "object_repr": "MedicalHistory object (30)",
        "action_flag": 3,
        "change_message": ""
    }
},
{
    "model": "admin.logentry",
    "pk": 110,
    "fields": {
        "action_time": "2021-10-16T09:06:45.774Z",
        "user": [
            "m@gmail.com"
        ],
        "content_type": [
            "documents",
            "medicalhistory"
        ],
        "object_id": "29",
        "object_repr": "MedicalHistory object (29)",
        "action_flag": 3,
        "change_message": ""
    }
},
{
    "model": "admin.logentry",
    "pk": 111,
    "fields": {
        "action_time": "2021-10-16T09:10:25.843Z",
        "user": [
            "m@gmail.com"
        ],
        "content_type": [
            "documents",
            "medicalhistory"
        ],
        "object_id": "32",
        "object_repr": "MedicalHistory object (32)",
        "action_flag": 1,
        "change_message": "[{\"added\": {}}]"
    }
},
{
    "model": "admin.logentry",
    "pk": 112,
    "fields": {
        "action_time": "2021-10-16T09:30:34.790Z",
        "user": [
            "m@gmail.com"
        ],
        "content_type": [
            "documents",
            "medicalhistory"
        ],
        "object_id": "32",
        "object_repr": "MedicalHistory object (32)",
        "action_flag": 2,
        "change_message": "[{\"changed\": {\"fields\": [\"Doctor\"]}}]"
    }
},
{
    "model": "admin.logentry",
    "pk": 113,
    "fields": {
        "action_time": "2021-10-16T11:34:07.441Z",
        "user": [
            "m@gmail.com"
        ],
        "content_type": [
            "documents",
            "medicalhistory"
        ],
        "object_id": "32",
        "object_repr": "MedicalHistory object (32)",
        "action_flag": 2,
        "change_message": "[{\"changed\": {\"fields\": [\"Is processing\"]}}]"
    }
},
{
    "model": "admin.logentry",
    "pk": 114,
    "fields": {
        "action_time": "2021-10-16T11:52:37.415Z",
        "user": [
            "m@gmail.com"
        ],
        "content_type": [
            "documents",
            "medicalhistory"
        ],
        "object_id": "32",
        "object_repr": "MedicalHistory object (32)",
        "action_flag": 2,
        "change_message": "[{\"changed\": {\"fields\": [\"Patient\"]}}]"
    }
},
{
    "model": "admin.logentry",
    "pk": 115,
    "fields": {
        "action_time": "2021-10-16T14:12:37.666Z",
        "user": [
            "m@gmail.com"
        ],
        "content_type": [
            "patients",
            "patient"
        ],
        "object_id": "1",
        "object_repr": "Hasan",
        "action_flag": 2,
        "change_message": "[{\"changed\": {\"fields\": [\"Profile image\"]}}]"
    }
},
{
    "model": "admin.logentry",
    "pk": 116,
    "fields": {
        "action_time": "2021-10-16T16:33:13.164Z",
        "user": [
            "m@gmail.com"
        ],
        "content_type": [
            "doctors",
            "doctorspecialization"
        ],
        "object_id": "27",
        "object_repr": "Cardiologists",
        "action_flag": 3,
        "change_message": ""
    }
},
{
    "model": "admin.logentry",
    "pk": 117,
    "fields": {
        "action_time": "2021-10-16T16:33:13.425Z",
        "user": [
            "m@gmail.com"
        ],
        "content_type": [
            "doctors",
            "doctorspecialization"
        ],
        "object_id": "16",
        "object_repr": "Cardiologists",
        "action_flag": 3,
        "change_message": ""
    }
},
{
    "model": "admin.logentry",
    "pk": 118,
    "fields": {
        "action_time": "2021-10-16T16:37:10.565Z",
        "user": [
            "m@gmail.com"
        ],
        "content_type": [
            "doctors",
            "doctor"
        ],
        "object_id": "24",
        "object_repr": "Sadman",
        "action_flag": 3,
        "change_message": ""
    }
},
{
    "model": "admin.logentry",
    "pk": 119,
    "fields": {
        "action_time": "2021-10-16T16:37:10.584Z",
        "user": [
            "m@gmail.com"
        ],
        "content_type": [
            "doctors",
            "doctor"
        ],
        "object_id": "17",
        "object_repr": "Robin",
        "action_flag": 3,
        "change_message": ""
    }
},
{
    "model": "admin.logentry",
    "pk": 120,
    "fields": {
        "action_time": "2021-10-16T16:37:53.887Z",
        "user": [
            "m@gmail.com"
        ],
        "content_type": [
            "doctors",
            "doctor"
        ],
        "object_id": "25",
        "object_repr": "Sadman",
        "action_flag": 1,
        "change_message": "[{\"added\": {}}]"
    }
},
{
    "model": "admin.logentry",
    "pk": 121,
    "fields": {
        "action_time": "2021-10-16T16:38:29.051Z",
        "user": [
            "m@gmail.com"
        ],
        "content_type": [
            "doctors",
            "doctor"
        ],
        "object_id": "26",
        "object_repr": "Mahbub",
        "action_flag": 1,
        "change_message": "[{\"added\": {}}]"
    }
},
{
    "model": "admin.logentry",
    "pk": 122,
    "fields": {
        "action_time": "2021-10-16T16:45:59.191Z",
        "user": [
            "m@gmail.com"
        ],
        "content_type": [
            "doctors",
            "doctorspecialization"
        ],
        "object_id": "28",
        "object_repr": "Cardiologist",
        "action_flag": 1,
        "change_message": "[{\"added\": {}}]"
    }
},
{
    "model": "admin.logentry",
    "pk": 123,
    "fields": {
        "action_time": "2021-10-16T16:46:22.418Z",
        "user": [
            "m@gmail.com"
        ],
        "content_type": [
            "doctors",
            "doctorspecialization"
        ],
        "object_id": "29",
        "object_repr": "Dentist",
        "action_flag": 1,
        "change_message": "[{\"added\": {}}]"
    }
},
{
    "model": "admin.logentry",
    "pk": 124,
    "fields": {
        "action_time": "2021-10-16T16:47:34.961Z",
        "user": [
            "m@gmail.com"
        ],
        "content_type": [
            "doctors",
            "doctorspecialization"
        ],
        "object_id": "29",
        "object_repr": "Dentist",
        "action_flag": 3,
        "change_message": ""
    }
},
{
    "model": "admin.logentry",
    "pk": 125,
    "fields": {
        "action_time": "2021-10-16T16:47:34.970Z",
        "user": [
            "m@gmail.com"
        ],
        "content_type": [
            "doctors",
            "doctorspecialization"
        ],
        "object_id": "28",
        "object_repr": "Cardiologist",
        "action_flag": 3,
        "change_message": ""
    }
},
{
    "model": "admin.logentry",
    "pk": 126,
    "fields": {
        "action_time": "2021-10-17T16:05:32.343Z",
        "user": [
            "m@gmail.com"
        ],
        "content_type": [
            "documents",
            "medicalhistory"
        ],
        "object_id": "33",
        "object_repr": "MedicalHistory object (33)",
        "action_flag": 3,
        "change_message": ""
    }
},
{
    "model": "admin.logentry",
    "pk": 127,
    "fields": {
        "action_time": "2021-10-17T16:11:45.146Z",
        "user": [
            "m@gmail.com"
        ],
        "content_type": [
            "documents",
            "medicalhistory"
        ],
        "object_id": "34",
        "object_repr": "MedicalHistory object (34)",
        "action_flag": 2,
        "change_message": "[{\"changed\": {\"fields\": [\"Height\", \"Gender\", \"Blood group\", \"Doctor\"]}}]"
    }
},
{
    "model": "admin.logentry",
    "pk": 128,
    "fields": {
        "action_time": "2021-10-17T16:11:59.310Z",
        "user": [
            "m@gmail.com"
        ],
        "content_type": [
            "documents",
            "medicalhistory"
        ],
        "object_id": "34",
        "object_repr": "MedicalHistory object (34)",
        "action_flag": 2,
        "change_message": "[{\"changed\": {\"fields\": [\"Doctor\"]}}]"
    }
},
{
    "model": "admin.logentry",
    "pk": 129,
    "fields": {
        "action_time": "2021-10-17T16:12:39.940Z",
        "user": [
            "m@gmail.com"
        ],
        "content_type": [
            "documents",
            "medicalhistory"
        ],
        "object_id": "34",
        "object_repr": "MedicalHistory object (34)",
        "action_flag": 2,
        "change_message": "[{\"changed\": {\"fields\": [\"Doctor\"]}}]"
    }
},
{
    "model": "admin.logentry",
    "pk": 130,
    "fields": {
        "action_time": "2021-10-17T16:28:04.804Z",
        "user": [
            "m@gmail.com"
        ],
        "content_type": [
            "documents",
            "medicalhistory"
        ],
        "object_id": "34",
        "object_repr": "MedicalHistory object (34)",
        "action_flag": 3,
        "change_message": ""
    }
},
{
    "model": "admin.logentry",
    "pk": 131,
    "fields": {
        "action_time": "2021-10-19T19:10:51.611Z",
        "user": [
            "m@gmail.com"
        ],
        "content_type": [
            "doctors",
            "doctor"
        ],
        "object_id": "26",
        "object_repr": "Mahbub",
        "action_flag": 2,
        "change_message": "[{\"changed\": {\"fields\": [\"Description\"]}}]"
    }
},
{
    "model": "admin.logentry",
    "pk": 132,
    "fields": {
        "action_time": "2021-10-19T19:11:18.705Z",
        "user": [
            "m@gmail.com"
        ],
        "content_type": [
            "doctors",
            "doctor"
        ],
        "object_id": "25",
        "object_repr": "Sadman",
        "action_flag": 2,
        "change_message": "[{\"changed\": {\"fields\": [\"Description\"]}}]"
    }
},
{
    "model": "admin.logentry",
    "pk": 133,
    "fields": {
        "action_time": "2021-10-19T19:28:38.540Z",
        "user": [
            "m@gmail.com"
        ],
        "content_type": [
            "doctors",
            "doctorspecialization"
        ],
        "object_id": "30",
        "object_repr": "Cardiologist",
        "action_flag": 1,
        "change_message": "[{\"added\": {}}]"
    }
},
{
    "model": "admin.logentry",
    "pk": 134,
    "fields": {
        "action_time": "2021-10-19T19:34:10.294Z",
        "user": [
            "m@gmail.com"
        ],
        "content_type": [
            "doctors",
            "doctorspecialization"
        ],
        "object_id": "31",
        "object_repr": "Dentist",
        "action_flag": 1,
        "change_message": "[{\"added\": {}}]"
    }
},
{
    "model": "admin.logentry",
    "pk": 135,
    "fields": {
        "action_time": "2021-10-19T19:39:08.310Z",
        "user": [
            "m@gmail.com"
        ],
        "content_type": [
            "doctors",
            "doctor"
        ],
        "object_id": "26",
        "object_repr": "Mahbub",
        "action_flag": 2,
        "change_message": "[{\"changed\": {\"fields\": [\"City\"]}}]"
    }
},
{
    "model": "admin.logentry",
    "pk": 136,
    "fields": {
        "action_time": "2021-10-19T19:44:32.969Z",
        "user": [
            "m@gmail.com"
        ],
        "content_type": [
            "doctors",
            "doctor"
        ],
        "object_id": "26",
        "object_repr": "Mahbub",
        "action_flag": 2,
        "change_message": "[{\"changed\": {\"fields\": [\"Description\"]}}]"
    }
},
{
    "model": "admin.logentry",
    "pk": 137,
    "fields": {
        "action_time": "2021-10-19T19:52:18.433Z",
        "user": [
            "m@gmail.com"
        ],
        "content_type": [
            "doctors",
            "doctor"
        ],
        "object_id": "27",
        "object_repr": "Robin",
        "action_flag": 2,
        "change_message": "[{\"changed\": {\"fields\": [\"City\", \"Profile image\", \"Gender\", \"Description\"]}}]"
    }
},
{
    "model": "admin.logentry",
    "pk": 138,
    "fields": {
        "action_time": "2021-10-19T19:54:00.546Z",
        "user": [
            "m@gmail.com"
        ],
        "content_type": [
            "doctors",
            "doctorspecialization"
        ],
        "object_id": "32",
        "object_repr": "Neurologists",
        "action_flag": 1,
        "change_message": "[{\"added\": {}}]"
    }
},
{
    "model": "admin.logentry",
    "pk": 139,
    "fields": {
        "action_time": "2021-10-20T10:24:21.883Z",
        "user": [
            "m@gmail.com"
        ],
        "content_type": [
            "users",
            "account"
        ],
        "object_id": "15",
        "object_repr": "john@gmail.com",
        "action_flag": 2,
        "change_message": "[{\"changed\": {\"fields\": [\"Last name\"]}}]"
    }
},
{
    "model": "admin.logentry",
    "pk": 140,
    "fields": {
        "action_time": "2021-10-20T11:08:34.166Z",
        "user": [
            "m@gmail.com"
        ],
        "content_type": [
            "documents",
            "medicalhistory"
        ],
        "object_id": "36",
        "object_repr": "MedicalHistory object (36)",
        "action_flag": 2,
        "change_message": "[{\"changed\": {\"fields\": [\"Height\", \"Gender\", \"Is active\"]}}]"
    }
},
{
    "model": "admin.logentry",
    "pk": 141,
    "fields": {
        "action_time": "2021-10-20T14:15:26.758Z",
        "user": [
            "m@gmail.com"
        ],
        "content_type": [
            "documents",
            "medicalhistory"
        ],
        "object_id": "36",
        "object_repr": "MedicalHistory object (36)",
        "action_flag": 2,
        "change_message": "[{\"changed\": {\"fields\": [\"Is active\"]}}]"
    }
},
{
    "model": "admin.logentry",
    "pk": 142,
    "fields": {
        "action_time": "2021-10-20T14:17:01.605Z",
        "user": [
            "m@gmail.com"
        ],
        "content_type": [
            "documents",
            "medicalhistory"
        ],
        "object_id": "36",
        "object_repr": "MedicalHistory object (36)",
        "action_flag": 2,
        "change_message": "[{\"changed\": {\"fields\": [\"Is active\"]}}]"
    }
},
{
    "model": "admin.logentry",
    "pk": 143,
    "fields": {
        "action_time": "2021-10-20T14:24:58.435Z",
        "user": [
            "m@gmail.com"
        ],
        "content_type": [
            "documents",
            "medicalhistory"
        ],
        "object_id": "36",
        "object_repr": "MedicalHistory object (36)",
        "action_flag": 2,
        "change_message": "[{\"changed\": {\"fields\": [\"Is active\"]}}]"
    }
},
{
    "model": "admin.logentry",
    "pk": 144,
    "fields": {
        "action_time": "2021-10-30T16:37:59.241Z",
        "user": [
            "m@gmail.com"
        ],
        "content_type": [
            "doctors",
            "doctor"
        ],
        "object_id": "25",
        "object_repr": "Sadman",
        "action_flag": 2,
        "change_message": "[{\"changed\": {\"fields\": [\"Gender\"]}}]"
    }
},
{
    "model": "admin.logentry",
    "pk": 145,
    "fields": {
        "action_time": "2021-10-31T17:31:08.599Z",
        "user": [
            "m@gmail.com"
        ],
        "content_type": [
            "doctors",
            "doctorspecialization"
        ],
        "object_id": "31",
        "object_repr": "Medicine",
        "action_flag": 2,
        "change_message": "[{\"changed\": {\"fields\": [\"Specialized category\"]}}]"
    }
},
{
    "model": "admin.logentry",
    "pk": 146,
    "fields": {
        "action_time": "2021-11-03T13:29:22.657Z",
        "user": [
            "m@gmail.com"
        ],
        "content_type": [
            "pharmacy",
            "cardiovascular"
        ],
        "object_id": "1",
        "object_repr": "Lisinopril (Prinivil, Zestril)",
        "action_flag": 1,
        "change_message": "[{\"added\": {}}]"
    }
},
{
    "model": "admin.logentry",
    "pk": 147,
    "fields": {
        "action_time": "2021-11-03T13:30:43.041Z",
        "user": [
            "m@gmail.com"
        ],
        "content_type": [
            "pharmacy",
            "cardiovascular"
        ],
        "object_id": "2",
        "object_repr": "Enalapril (Vasotec)",
        "action_flag": 1,
        "change_message": "[{\"added\": {}}]"
    }
},
{
    "model": "admin.logentry",
    "pk": 148,
    "fields": {
        "action_time": "2021-11-03T13:33:33.015Z",
        "user": [
            "m@gmail.com"
        ],
        "content_type": [
            "pharmacy",
            "cardiovascular"
        ],
        "object_id": "3",
        "object_repr": "Ramipril (Altace)",
        "action_flag": 1,
        "change_message": "[{\"added\": {}}]"
    }
},
{
    "model": "admin.logentry",
    "pk": 149,
    "fields": {
        "action_time": "2021-11-03T13:34:19.138Z",
        "user": [
            "m@gmail.com"
        ],
        "content_type": [
            "pharmacy",
            "cardiovascular"
        ],
        "object_id": "3",
        "object_repr": "Ramipril (Altace)",
        "action_flag": 2,
        "change_message": "[{\"changed\": {\"fields\": [\"Drug image\"]}}]"
    }
},
{
    "model": "admin.logentry",
    "pk": 150,
    "fields": {
        "action_time": "2021-11-03T16:28:40.715Z",
        "user": [
            "m@gmail.com"
        ],
        "content_type": [
            "pharmacy",
            "cardiovascular"
        ],
        "object_id": "4",
        "object_repr": "bbb",
        "action_flag": 1,
        "change_message": "[{\"added\": {}}]"
    }
},
{
    "model": "admin.logentry",
    "pk": 151,
    "fields": {
        "action_time": "2021-11-04T16:38:27.228Z",
        "user": [
            "m@gmail.com"
        ],
        "content_type": [
            "pharmacy",
            "cardiovascular"
        ],
        "object_id": "4",
        "object_repr": "Atenolol (Tenormin)",
        "action_flag": 2,
        "change_message": "[{\"changed\": {\"fields\": [\"Drug category\", \"Condition\", \"Drug name\", \"Drug image\"]}}]"
    }
},
{
    "model": "admin.logentry",
    "pk": 152,
    "fields": {
        "action_time": "2021-11-04T17:22:02.875Z",
        "user": [
            "m@gmail.com"
        ],
        "content_type": [
            "pharmacy",
            "category"
        ],
        "object_id": "1",
        "object_repr": "Cardiovascular Drugs",
        "action_flag": 1,
        "change_message": "[{\"added\": {}}]"
    }
},
{
    "model": "admin.logentry",
    "pk": 153,
    "fields": {
        "action_time": "2021-11-04T17:22:29.243Z",
        "user": [
            "m@gmail.com"
        ],
        "content_type": [
            "pharmacy",
            "category"
        ],
        "object_id": "2",
        "object_repr": "Cardiovascular Drugs",
        "action_flag": 1,
        "change_message": "[{\"added\": {}}]"
    }
},
{
    "model": "admin.logentry",
    "pk": 154,
    "fields": {
        "action_time": "2021-11-04T17:22:51.334Z",
        "user": [
            "m@gmail.com"
        ],
        "content_type": [
            "pharmacy",
            "category"
        ],
        "object_id": "3",
        "object_repr": "Cardiovascular Drugs",
        "action_flag": 1,
        "change_message": "[{\"added\": {}}]"
    }
},
{
    "model": "admin.logentry",
    "pk": 155,
    "fields": {
        "action_time": "2021-11-04T17:23:11.098Z",
        "user": [
            "m@gmail.com"
        ],
        "content_type": [
            "pharmacy",
            "category"
        ],
        "object_id": "4",
        "object_repr": "Respiratory Drugs",
        "action_flag": 1,
        "change_message": "[{\"added\": {}}]"
    }
},
{
    "model": "admin.logentry",
    "pk": 156,
    "fields": {
        "action_time": "2021-11-04T17:23:52.428Z",
        "user": [
            "m@gmail.com"
        ],
        "content_type": [
            "pharmacy",
            "drug"
        ],
        "object_id": "1",
        "object_repr": "Lisinopril (Prinivil, Zestril)",
        "action_flag": 1,
        "change_message": "[{\"added\": {}}]"
    }
},
{
    "model": "admin.logentry",
    "pk": 157,
    "fields": {
        "action_time": "2021-11-04T17:24:27.507Z",
        "user": [
            "m@gmail.com"
        ],
        "content_type": [
            "pharmacy",
            "drug"
        ],
        "object_id": "2",
        "object_repr": "Enalapril (Vasotec)",
        "action_flag": 1,
        "change_message": "[{\"added\": {}}]"
    }
},
{
    "model": "admin.logentry",
    "pk": 158,
    "fields": {
        "action_time": "2021-11-04T17:26:18.265Z",
        "user": [
            "m@gmail.com"
        ],
        "content_type": [
            "pharmacy",
            "drug"
        ],
        "object_id": "3",
        "object_repr": "Enalapril (Vasotec)",
        "action_flag": 1,
        "change_message": "[{\"added\": {}}]"
    }
},
{
    "model": "admin.logentry",
    "pk": 159,
    "fields": {
        "action_time": "2021-11-04T17:26:40.811Z",
        "user": [
            "m@gmail.com"
        ],
        "content_type": [
            "pharmacy",
            "drug"
        ],
        "object_id": "2",
        "object_repr": "Enalapril (Vasotec)",
        "action_flag": 3,
        "change_message": ""
    }
},
{
    "model": "admin.logentry",
    "pk": 160,
    "fields": {
        "action_time": "2021-11-04T17:26:45.670Z",
        "user": [
            "m@gmail.com"
        ],
        "content_type": [
            "pharmacy",
            "drug"
        ],
        "object_id": "1",
        "object_repr": "Lisinopril (Prinivil, Zestril)",
        "action_flag": 2,
        "change_message": "[{\"changed\": {\"fields\": [\"Condition\"]}}]"
    }
},
{
    "model": "admin.logentry",
    "pk": 161,
    "fields": {
        "action_time": "2021-11-04T17:27:10.763Z",
        "user": [
            "m@gmail.com"
        ],
        "content_type": [
            "pharmacy",
            "drug"
        ],
        "object_id": "4",
        "object_repr": "Atenolol (Tenormin)",
        "action_flag": 1,
        "change_message": "[{\"added\": {}}]"
    }
},
{
    "model": "admin.logentry",
    "pk": 162,
    "fields": {
        "action_time": "2021-11-04T17:27:33.003Z",
        "user": [
            "m@gmail.com"
        ],
        "content_type": [
            "pharmacy",
            "drug"
        ],
        "object_id": "5",
        "object_repr": "Fluticasone (Flovent)",
        "action_flag": 1,
        "change_message": "[{\"added\": {}}]"
    }
},
{
    "model": "admin.logentry",
    "pk": 163,
    "fields": {
        "action_time": "2021-11-08T14:41:33.292Z",
        "user": [
            "m@gmail.com"
        ],
        "content_type": [
            "documents",
            "prescription"
        ],
        "object_id": "1",
        "object_repr": "Prescription object (1)",
        "action_flag": 2,
        "change_message": "[{\"changed\": {\"fields\": [\"Time\"]}}]"
    }
},
{
    "model": "admin.logentry",
    "pk": 164,
    "fields": {
        "action_time": "2021-11-08T14:42:02.588Z",
        "user": [
            "m@gmail.com"
        ],
        "content_type": [
            "documents",
            "prescription"
        ],
        "object_id": "1",
        "object_repr": "Prescription object (1)",
        "action_flag": 3,
        "change_message": ""
    }
},
{
    "model": "admin.logentry",
    "pk": 165,
    "fields": {
        "action_time": "2021-11-08T16:23:52.353Z",
        "user": [
            "m@gmail.com"
        ],
        "content_type": [
            "documents",
            "prescription"
        ],
        "object_id": "2",
        "object_repr": "Prescription object (2)",
        "action_flag": 3,
        "change_message": ""
    }
},
{
    "model": "admin.logentry",
    "pk": 166,
    "fields": {
        "action_time": "2021-11-11T15:33:16.799Z",
        "user": [
            "m@gmail.com"
        ],
        "content_type": [
            "documents",
            "medicalhistory"
        ],
        "object_id": "38",
        "object_repr": "MedicalHistory object (38)",
        "action_flag": 3,
        "change_message": ""
    }
},
{
    "model": "admin.logentry",
    "pk": 167,
    "fields": {
        "action_time": "2021-11-11T15:33:17.002Z",
        "user": [
            "m@gmail.com"
        ],
        "content_type": [
            "documents",
            "medicalhistory"
        ],
        "object_id": "37",
        "object_repr": "MedicalHistory object (37)",
        "action_flag": 3,
        "change_message": ""
    }
},
{
    "model": "admin.logentry",
    "pk": 168,
    "fields": {
        "action_time": "2021-11-11T16:54:17.839Z",
        "user": [
            "m@gmail.com"
        ],
        "content_type": [
            "doctors",
            "appointmenttime"
        ],
        "object_id": "2",
        "object_repr": "sunday",
        "action_flag": 3,
        "change_message": ""
    }
},
{
    "model": "admin.logentry",
    "pk": 169,
    "fields": {
        "action_time": "2021-11-12T08:21:37.917Z",
        "user": [
            "m@gmail.com"
        ],
        "content_type": [
            "doctors",
            "appointmenttime"
        ],
        "object_id": "6",
        "object_repr": "Friday",
        "action_flag": 2,
        "change_message": "[{\"changed\": {\"fields\": [\"Doctor\"]}}]"
    }
},
{
    "model": "admin.logentry",
    "pk": 170,
    "fields": {
        "action_time": "2021-11-12T08:25:15.170Z",
        "user": [
            "m@gmail.com"
        ],
        "content_type": [
            "doctors",
            "appointmenttime"
        ],
        "object_id": "5",
        "object_repr": "monday",
        "action_flag": 2,
        "change_message": "[{\"changed\": {\"fields\": [\"Time from\"]}}]"
    }
},
{
    "model": "admin.logentry",
    "pk": 171,
    "fields": {
        "action_time": "2021-11-12T09:08:31.130Z",
        "user": [
            "m@gmail.com"
        ],
        "content_type": [
            "doctors",
            "appointmenttime"
        ],
        "object_id": "3",
        "object_repr": "monday",
        "action_flag": 2,
        "change_message": "[{\"changed\": {\"fields\": [\"Time from\"]}}]"
    }
},
{
    "model": "admin.logentry",
    "pk": 172,
    "fields": {
        "action_time": "2021-11-12T09:08:54.152Z",
        "user": [
            "m@gmail.com"
        ],
        "content_type": [
            "doctors",
            "appointmenttime"
        ],
        "object_id": "3",
        "object_repr": "monday",
        "action_flag": 2,
        "change_message": "[{\"changed\": {\"fields\": [\"Time from\"]}}]"
    }
},
{
    "model": "admin.logentry",
    "pk": 173,
    "fields": {
        "action_time": "2021-11-12T10:13:17.152Z",
        "user": [
            "m@gmail.com"
        ],
        "content_type": [
            "doctors",
            "appointmenttime"
        ],
        "object_id": "1",
        "object_repr": "sunday",
        "action_flag": 2,
        "change_message": "[{\"changed\": {\"fields\": [\"From to\"]}}]"
    }
},
{
    "model": "admin.logentry",
    "pk": 174,
    "fields": {
        "action_time": "2021-11-12T10:13:34.712Z",
        "user": [
            "m@gmail.com"
        ],
        "content_type": [
            "doctors",
            "appointmenttime"
        ],
        "object_id": "6",
        "object_repr": "Friday",
        "action_flag": 2,
        "change_message": "[{\"changed\": {\"fields\": [\"From to\"]}}]"
    }
},
{
    "model": "admin.logentry",
    "pk": 175,
    "fields": {
        "action_time": "2021-11-12T10:13:45.623Z",
        "user": [
            "m@gmail.com"
        ],
        "content_type": [
            "doctors",
            "appointmenttime"
        ],
        "object_id": "5",
        "object_repr": "monday",
        "action_flag": 2,
        "change_message": "[{\"changed\": {\"fields\": [\"From to\"]}}]"
    }
},
{
    "model": "admin.logentry",
    "pk": 176,
    "fields": {
        "action_time": "2021-11-12T10:13:56.173Z",
        "user": [
            "m@gmail.com"
        ],
        "content_type": [
            "doctors",
            "appointmenttime"
        ],
        "object_id": "4",
        "object_repr": "sunday",
        "action_flag": 2,
        "change_message": "[{\"changed\": {\"fields\": [\"From to\"]}}]"
    }
},
{
    "model": "admin.logentry",
    "pk": 177,
    "fields": {
        "action_time": "2021-11-12T10:14:06.917Z",
        "user": [
            "m@gmail.com"
        ],
        "content_type": [
            "doctors",
            "appointmenttime"
        ],
        "object_id": "3",
        "object_repr": "monday",
        "action_flag": 2,
        "change_message": "[{\"changed\": {\"fields\": [\"From to\"]}}]"
    }
},
{
    "model": "admin.logentry",
    "pk": 178,
    "fields": {
        "action_time": "2021-11-12T12:13:37.901Z",
        "user": [
            "m@gmail.com"
        ],
        "content_type": [
            "doctors",
            "appointmenttime"
        ],
        "object_id": "5",
        "object_repr": "monday",
        "action_flag": 2,
        "change_message": "[{\"changed\": {\"fields\": [\"Time from\", \"Time to\", \"From to\"]}}]"
    }
},
{
    "model": "admin.logentry",
    "pk": 179,
    "fields": {
        "action_time": "2021-11-12T14:26:44.684Z",
        "user": [
            "m@gmail.com"
        ],
        "content_type": [
            "doctors",
            "appointmenttime"
        ],
        "object_id": "7",
        "object_repr": "Wednesday",
        "action_flag": 3,
        "change_message": ""
    }
},
{
    "model": "admin.logentry",
    "pk": 180,
    "fields": {
        "action_time": "2021-11-12T14:31:04.596Z",
        "user": [
            "m@gmail.com"
        ],
        "content_type": [
            "doctors",
            "appointmenttime"
        ],
        "object_id": "6",
        "object_repr": "Friday",
        "action_flag": 3,
        "change_message": ""
    }
},
{
    "model": "admin.logentry",
    "pk": 181,
    "fields": {
        "action_time": "2021-11-12T14:31:04.649Z",
        "user": [
            "m@gmail.com"
        ],
        "content_type": [
            "doctors",
            "appointmenttime"
        ],
        "object_id": "5",
        "object_repr": "monday",
        "action_flag": 3,
        "change_message": ""
    }
},
{
    "model": "admin.logentry",
    "pk": 182,
    "fields": {
        "action_time": "2021-11-12T14:31:04.654Z",
        "user": [
            "m@gmail.com"
        ],
        "content_type": [
            "doctors",
            "appointmenttime"
        ],
        "object_id": "4",
        "object_repr": "sunday",
        "action_flag": 3,
        "change_message": ""
    }
},
{
    "model": "admin.logentry",
    "pk": 183,
    "fields": {
        "action_time": "2021-11-12T14:31:04.659Z",
        "user": [
            "m@gmail.com"
        ],
        "content_type": [
            "doctors",
            "appointmenttime"
        ],
        "object_id": "3",
        "object_repr": "monday",
        "action_flag": 3,
        "change_message": ""
    }
},
{
    "model": "admin.logentry",
    "pk": 184,
    "fields": {
        "action_time": "2021-11-12T14:31:04.663Z",
        "user": [
            "m@gmail.com"
        ],
        "content_type": [
            "doctors",
            "appointmenttime"
        ],
        "object_id": "1",
        "object_repr": "sunday",
        "action_flag": 3,
        "change_message": ""
    }
},
{
    "model": "admin.logentry",
    "pk": 185,
    "fields": {
        "action_time": "2021-11-12T14:34:29.753Z",
        "user": [
            "m@gmail.com"
        ],
        "content_type": [
            "doctors",
            "appointmenttime"
        ],
        "object_id": "8",
        "object_repr": "monday",
        "action_flag": 3,
        "change_message": ""
    }
},
{
    "model": "admin.logentry",
    "pk": 186,
    "fields": {
        "action_time": "2021-11-12T15:04:39.759Z",
        "user": [
            "m@gmail.com"
        ],
        "content_type": [
            "doctors",
            "appointmenttime"
        ],
        "object_id": "9",
        "object_repr": "2021-11-14",
        "action_flag": 3,
        "change_message": ""
    }
},
{
    "model": "admin.logentry",
    "pk": 187,
    "fields": {
        "action_time": "2021-11-12T15:06:35.209Z",
        "user": [
            "m@gmail.com"
        ],
        "content_type": [
            "doctors",
            "appointmenttime"
        ],
        "object_id": "10",
        "object_repr": "16",
        "action_flag": 3,
        "change_message": ""
    }
},
{
    "model": "admin.logentry",
    "pk": 188,
    "fields": {
        "action_time": "2021-11-12T15:20:31.421Z",
        "user": [
            "m@gmail.com"
        ],
        "content_type": [
            "doctors",
            "patientappointment"
        ],
        "object_id": "2",
        "object_repr": "PatientAppointment object (2)",
        "action_flag": 3,
        "change_message": ""
    }
},
{
    "model": "admin.logentry",
    "pk": 189,
    "fields": {
        "action_time": "2021-11-12T16:54:00.780Z",
        "user": [
            "m@gmail.com"
        ],
        "content_type": [
            "doctors",
            "experience"
        ],
        "object_id": "2",
        "object_repr": "Canada Medical College",
        "action_flag": 1,
        "change_message": "[{\"added\": {}}]"
    }
},
{
    "model": "admin.logentry",
    "pk": 190,
    "fields": {
        "action_time": "2021-11-12T16:54:53.436Z",
        "user": [
            "m@gmail.com"
        ],
        "content_type": [
            "doctors",
            "experience"
        ],
        "object_id": "3",
        "object_repr": "Dhaka Medical",
        "action_flag": 1,
        "change_message": "[{\"added\": {}}]"
    }
},
{
    "model": "admin.logentry",
    "pk": 191,
    "fields": {
        "action_time": "2021-11-12T16:55:42.608Z",
        "user": [
            "m@gmail.com"
        ],
        "content_type": [
            "doctors",
            "experience"
        ],
        "object_id": "4",
        "object_repr": "United Medical College",
        "action_flag": 1,
        "change_message": "[{\"added\": {}}]"
    }
},
{
    "model": "admin.logentry",
    "pk": 192,
    "fields": {
        "action_time": "2021-11-12T16:56:14.751Z",
        "user": [
            "m@gmail.com"
        ],
        "content_type": [
            "doctors",
            "qualification"
        ],
        "object_id": "5",
        "object_repr": "United Medical",
        "action_flag": 1,
        "change_message": "[{\"added\": {}}]"
    }
},
{
    "model": "admin.logentry",
    "pk": 193,
    "fields": {
        "action_time": "2021-11-12T17:45:07.733Z",
        "user": [
            "m@gmail.com"
        ],
        "content_type": [
            "doctors",
            "appointmenttime"
        ],
        "object_id": "13",
        "object_repr": "Sunday",
        "action_flag": 2,
        "change_message": "[{\"changed\": {\"fields\": [\"Month\", \"Date\"]}}]"
    }
},
{
    "model": "admin.logentry",
    "pk": 194,
    "fields": {
        "action_time": "2021-11-12T17:45:19.201Z",
        "user": [
            "m@gmail.com"
        ],
        "content_type": [
            "doctors",
            "appointmenttime"
        ],
        "object_id": "12",
        "object_repr": "Saturday",
        "action_flag": 2,
        "change_message": "[{\"changed\": {\"fields\": [\"Month\", \"Date\"]}}]"
    }
},
{
    "model": "admin.logentry",
    "pk": 195,
    "fields": {
        "action_time": "2021-11-12T17:45:27.801Z",
        "user": [
            "m@gmail.com"
        ],
        "content_type": [
            "doctors",
            "appointmenttime"
        ],
        "object_id": "11",
        "object_repr": "Tuesday",
        "action_flag": 2,
        "change_message": "[{\"changed\": {\"fields\": [\"Month\", \"Date\"]}}]"
    }
},
{
    "model": "admin.logentry",
    "pk": 196,
    "fields": {
        "action_time": "2021-11-12T17:46:48.037Z",
        "user": [
            "m@gmail.com"
        ],
        "content_type": [
            "doctors",
            "patientappointment"
        ],
        "object_id": "7",
        "object_repr": "PatientAppointment object (7)",
        "action_flag": 3,
        "change_message": ""
    }
},
{
    "model": "admin.logentry",
    "pk": 197,
    "fields": {
        "action_time": "2021-11-16T13:37:54.222Z",
        "user": [
            "m@gmail.com"
        ],
        "content_type": [
            "documents",
            "prescription"
        ],
        "object_id": "4",
        "object_repr": "Prescription object (4)",
        "action_flag": 3,
        "change_message": ""
    }
},
{
    "model": "admin.logentry",
    "pk": 198,
    "fields": {
        "action_time": "2021-11-16T13:37:54.439Z",
        "user": [
            "m@gmail.com"
        ],
        "content_type": [
            "documents",
            "prescription"
        ],
        "object_id": "3",
        "object_repr": "Prescription object (3)",
        "action_flag": 3,
        "change_message": ""
    }
},
{
    "model": "admin.logentry",
    "pk": 199,
    "fields": {
        "action_time": "2021-11-17T18:14:36.893Z",
        "user": [
            "m@gmail.com"
        ],
        "content_type": [
            "documents",
            "prescription"
        ],
        "object_id": "5",
        "object_repr": "Prescription object (5)",
        "action_flag": 2,
        "change_message": "[{\"changed\": {\"fields\": [\"Evening\", \"Night\", \"Doctor\"]}}]"
    }
},
{
    "model": "admin.logentry",
    "pk": 200,
    "fields": {
        "action_time": "2021-11-18T12:32:01.997Z",
        "user": [
            "m@gmail.com"
        ],
        "content_type": [
            "documents",
            "prescription"
        ],
        "object_id": "9",
        "object_repr": "Prescription object (9)",
        "action_flag": 3,
        "change_message": ""
    }
},
{
    "model": "admin.logentry",
    "pk": 201,
    "fields": {
        "action_time": "2021-11-18T12:32:02.167Z",
        "user": [
            "m@gmail.com"
        ],
        "content_type": [
            "documents",
            "prescription"
        ],
        "object_id": "8",
        "object_repr": "Prescription object (8)",
        "action_flag": 3,
        "change_message": ""
    }
},
{
    "model": "admin.logentry",
    "pk": 202,
    "fields": {
        "action_time": "2021-11-18T14:58:22.226Z",
        "user": [
            "m@gmail.com"
        ],
        "content_type": [
            "documents",
            "prescription"
        ],
        "object_id": "5",
        "object_repr": "Prescription object (5)",
        "action_flag": 2,
        "change_message": "[{\"changed\": {\"fields\": [\"Patient\"]}}]"
    }
},
{
    "model": "admin.logentry",
    "pk": 203,
    "fields": {
        "action_time": "2021-11-18T15:00:21.796Z",
        "user": [
            "m@gmail.com"
        ],
        "content_type": [
            "patients",
            "prescriptionstatus"
        ],
        "object_id": "2",
        "object_repr": "PrescriptionStatus object (2)",
        "action_flag": 1,
        "change_message": "[{\"added\": {}}]"
    }
},
{
    "model": "admin.logentry",
    "pk": 204,
    "fields": {
        "action_time": "2021-11-18T15:19:28.738Z",
        "user": [
            "m@gmail.com"
        ],
        "content_type": [
            "documents",
            "prescription"
        ],
        "object_id": "11",
        "object_repr": "Prescription object (11)",
        "action_flag": 3,
        "change_message": ""
    }
},
{
    "model": "admin.logentry",
    "pk": 205,
    "fields": {
        "action_time": "2021-11-18T15:19:28.963Z",
        "user": [
            "m@gmail.com"
        ],
        "content_type": [
            "documents",
            "prescription"
        ],
        "object_id": "10",
        "object_repr": "Prescription object (10)",
        "action_flag": 3,
        "change_message": ""
    }
},
{
    "model": "admin.logentry",
    "pk": 206,
    "fields": {
        "action_time": "2021-11-18T15:20:11.319Z",
        "user": [
            "m@gmail.com"
        ],
        "content_type": [
            "documents",
            "prescription"
        ],
        "object_id": "13",
        "object_repr": "Prescription object (13)",
        "action_flag": 3,
        "change_message": ""
    }
},
{
    "model": "admin.logentry",
    "pk": 207,
    "fields": {
        "action_time": "2021-11-18T15:20:11.326Z",
        "user": [
            "m@gmail.com"
        ],
        "content_type": [
            "documents",
            "prescription"
        ],
        "object_id": "12",
        "object_repr": "Prescription object (12)",
        "action_flag": 3,
        "change_message": ""
    }
},
{
    "model": "admin.logentry",
    "pk": 208,
    "fields": {
        "action_time": "2021-11-18T15:21:12.791Z",
        "user": [
            "m@gmail.com"
        ],
        "content_type": [
            "documents",
            "prescription"
        ],
        "object_id": "15",
        "object_repr": "Prescription object (15)",
        "action_flag": 3,
        "change_message": ""
    }
},
{
    "model": "admin.logentry",
    "pk": 209,
    "fields": {
        "action_time": "2021-11-18T15:21:12.798Z",
        "user": [
            "m@gmail.com"
        ],
        "content_type": [
            "documents",
            "prescription"
        ],
        "object_id": "14",
        "object_repr": "Prescription object (14)",
        "action_flag": 3,
        "change_message": ""
    }
},
{
    "model": "admin.logentry",
    "pk": 210,
    "fields": {
        "action_time": "2021-11-18T15:21:12.800Z",
        "user": [
            "m@gmail.com"
        ],
        "content_type": [
            "documents",
            "prescription"
        ],
        "object_id": "5",
        "object_repr": "Prescription object (5)",
        "action_flag": 3,
        "change_message": ""
    }
},
{
    "model": "admin.logentry",
    "pk": 211,
    "fields": {
        "action_time": "2021-11-18T15:21:22.520Z",
        "user": [
            "m@gmail.com"
        ],
        "content_type": [
            "patients",
            "prescriptionstatus"
        ],
        "object_id": "2",
        "object_repr": "PrescriptionStatus object (2)",
        "action_flag": 3,
        "change_message": ""
    }
},
{
    "model": "admin.logentry",
    "pk": 212,
    "fields": {
        "action_time": "2021-11-18T15:31:12.319Z",
        "user": [
            "m@gmail.com"
        ],
        "content_type": [
            "documents",
            "prescription"
        ],
        "object_id": "16",
        "object_repr": "Prescription object (16)",
        "action_flag": 3,
        "change_message": ""
    }
},
{
    "model": "admin.logentry",
    "pk": 213,
    "fields": {
        "action_time": "2021-11-18T16:03:16.332Z",
        "user": [
            "m@gmail.com"
        ],
        "content_type": [
            "documents",
            "prescription"
        ],
        "object_id": "18",
        "object_repr": "Prescription object (18)",
        "action_flag": 3,
        "change_message": ""
    }
},
{
    "model": "admin.logentry",
    "pk": 214,
    "fields": {
        "action_time": "2021-11-18T16:03:16.527Z",
        "user": [
            "m@gmail.com"
        ],
        "content_type": [
            "documents",
            "prescription"
        ],
        "object_id": "17",
        "object_repr": "Prescription object (17)",
        "action_flag": 3,
        "change_message": ""
    }
},
{
    "model": "admin.logentry",
    "pk": 215,
    "fields": {
        "action_time": "2021-11-18T16:08:24.473Z",
        "user": [
            "m@gmail.com"
        ],
        "content_type": [
            "documents",
            "prescription"
        ],
        "object_id": "23",
        "object_repr": "Prescription object (23)",
        "action_flag": 3,
        "change_message": ""
    }
},
{
    "model": "admin.logentry",
    "pk": 216,
    "fields": {
        "action_time": "2021-11-18T16:08:24.535Z",
        "user": [
            "m@gmail.com"
        ],
        "content_type": [
            "documents",
            "prescription"
        ],
        "object_id": "22",
        "object_repr": "Prescription object (22)",
        "action_flag": 3,
        "change_message": ""
    }
},
{
    "model": "admin.logentry",
    "pk": 217,
    "fields": {
        "action_time": "2021-11-18T18:06:30.722Z",
        "user": [
            "m@gmail.com"
        ],
        "content_type": [
            "documents",
            "prescription"
        ],
        "object_id": "31",
        "object_repr": "Prescription object (31)",
        "action_flag": 3,
        "change_message": ""
    }
},
{
    "model": "admin.logentry",
    "pk": 218,
    "fields": {
        "action_time": "2021-11-18T18:06:30.737Z",
        "user": [
            "m@gmail.com"
        ],
        "content_type": [
            "documents",
            "prescription"
        ],
        "object_id": "29",
        "object_repr": "Prescription object (29)",
        "action_flag": 3,
        "change_message": ""
    }
}
]
